"","peakID","MSnParentPeakID","msLevel","rt","mz","intensity","Sample","GroupPeakMSn","CollisionEnergy"
"1",1,0,1,516.648,71.0135758872608,22380780,1,0,0
"3",3,0,1,514.174,72.9928814139891,1500434.75,1,0,0
"5",5,0,1,612.77,73.0292172198997,5552699,1,0,0
"7",7,0,1,422.614,73.0292608588272,727400.375,1,0,0
"9",9,0,1,625.431,74.0245210066788,419648.125,1,0,0
"11",11,0,1,391.187,75.0085511520859,41628612,1,0,0
"16",16,0,1,373.836,75.008553403311,39128404,1,0,0
"21",21,0,1,392.614,76.0119164852986,1166424.625,1,0,0
"23",23,0,1,612.77,78.9186796368982,386596.8125,1,0,0
"26",26,0,1,650.656,78.9589020867248,1436100.125,1,0,0
"29",29,0,1,554.15,78.958902480531,487212.375,1,0,0
"31",31,0,1,659.377,78.958910848965,1065278.5,1,0,0
"34",34,0,1,700.955,79.9572424791037,394141.65625,1,0,0
"36",36,0,1,611.5,80.91667612117,364709.125,1,0,0
"40",40,0,1,445.271,82.0297696801998,744526.75,1,0,0
"43",43,0,1,410.997,83.0138002828387,2509609.5,1,0,0
"47",47,0,1,689.63,85.0294893106644,4553926.5,1,0,0
"49",49,0,1,437.787,85.0294907592601,641233.375,1,0,0
"51",51,0,1,515.411,87.0088143993296,750321.375,1,0,0
"53",53,0,1,409.708,87.0451848416682,18025712,1,0,0
"63",63,0,1,397.955,87.0451874339844,2068259.875,1,0,0
"73",73,0,1,630.694,88.0404673067268,681411.5,1,0,0
"75",75,0,1,208.93,88.5246927923386,310026.09375,1,0,0
"79",79,0,1,703.501,88.9881230525046,826117.625,1,0,0
"86",86,0,1,469.088,89.0244692674011,308382272,1,0,0
"94",94,0,1,385.688,89.0608776468096,1099892.875,1,0,0
"101",101,0,1,376.5,89.0608783300468,986697.1875,1,0,0
"108",108,0,1,469.088,90.0277540374283,11026601,1,0,0
"112",112,0,1,471.611,90.0306773855792,286785.9375,1,0,0
"128",128,0,1,469.088,91.0286761469946,2299562,1,0,0
"139",139,0,1,515.411,91.0400623710763,449921440,1,0,0
"154",154,0,1,515.411,92.0434283765216,15684172,1,0,0
"166",166,0,1,516.648,92.0464013809317,400023.4375,1,0,0
"176",176,0,1,516.648,93.0442733536356,2840209.25,1,0,0
"188",188,0,1,376.5,94.0298508445928,261920.234375,1,0,0
"192",192,0,1,1208.18,94.9930587975433,513348.375,1,0,0
"203",203,0,1,410.997,95.0139018723436,544029.25,1,0,0
"208",208,0,1,700.955,96.960093593175,55427160,1,0,0
"214",214,0,1,650.656,96.9696112283206,21604874,1,0,0
"226",226,0,1,655.622,97.0294887668968,352431.71875,1,0,0
"232",232,0,1,417.42,97.029495697411,371317.875,1,0,0
"237",237,0,1,666.995,97.0295032460336,429554.53125,1,0,0
"243",243,0,1,409.708,97.029525113249,678492.75,1,0,0
"248",248,0,1,700.955,97.9594860682802,470589.5625,1,0,0
"252",252,0,1,700.955,98.9559276024173,2821082,1,0,0
"258",258,0,1,699.707,98.9643788619514,528034.25,1,0,0
"264",264,0,1,591.604,98.9668886019601,1884064.625,1,0,0
"266",266,0,1,612.77,99.0087753781155,5464699.5,1,0,0
"268",268,0,1,414.894,100.040478454353,3951792.5,1,0,0
"270",270,0,1,658.138,101.02438349653,2093177.125,1,0,0
"274",274,0,1,669.473,101.02439243766,2261303.25,1,0,0
"278",278,0,1,439.028,101.02441672546,1523019.25,1,0,0
"282",282,0,1,298.997,101.060799269025,22672986,1,0,0
"286",286,0,1,414.894,102.056063244036,9235507,1,0,0
"288",288,0,1,633.185,102.056063784091,995234.6875,1,0,0
"291",291,0,1,645.653,102.056063973536,1745829.125,1,0,0
"294",294,0,1,636.931,103.003704532534,25721516,1,0,0
"301",301,0,1,615.244,103.040080613364,1064453.5,1,0,0
"305",305,0,1,487.094,103.040098438942,3915789,1,0,0
"313",313,0,1,414.894,103.05943086351,421143.3125,1,0,0
"319",319,0,1,636.931,104.007059500963,713896.8125,1,0,0
"322",322,0,1,532.951,105.019314721149,3534393,1,0,0
"325",325,0,1,465.201,105.055709971143,1279994.125,1,0,0
"327",327,0,1,417.42,106.042419720264,753860.25,1,0,0
"329",329,0,1,417.42,107.050260342816,1672474.625,1,0,0
"332",332,0,1,375.077,108.0455373555,484837.0625,1,0,0
"334",334,0,1,559.122,110.035967753064,477673.28125,1,0,0
"337",337,0,1,542.903,111.008768220511,894770.75,1,0,0
"339",339,0,1,421.192,111.008776126145,754690.25,1,0,0
"341",341,0,1,461.454,111.020003664334,97511136,1,0,0
"347",347,0,1,700.955,111.947218735576,746120.625,1,0,0
"350",350,0,1,596.609,112.016625988743,738174.125,1,0,0
"353",353,0,1,461.454,112.017072706482,692598.625,1,0,0
"357",357,0,1,462.728,112.02336570803,4294230.5,1,0,0
"361",361,0,1,604.085,113.024451702613,2534522.75,1,0,0
"366",366,0,1,397.955,113.024452585066,1262906.125,1,0,0
"375",375,0,1,409.708,113.024459204336,4431485.5,1,0,0
"384",384,0,1,636.931,113.035677374977,818867.25,1,0,0
"392",392,0,1,409.708,113.035685226628,299320.3125,1,0,0
"396",396,0,1,493.658,113.060838269718,907905.0625,1,0,0
"400",400,0,1,288.506,113.0608478336,1648721.5,1,0,0
"404",404,0,1,635.671,114.019648638472,401160.5,1,0,0
"406",406,0,1,519.122,114.019664855225,431541.84375,1,0,0
"408",408,0,1,577.887,114.055971237481,136095536,1,0,0
"418",418,0,1,405.807,114.936288519556,2178951,1,0,0
"421",421,0,1,645.653,115.003671511663,9784409,1,0,0
"425",425,0,1,537.9,115.00367980073,4801507.5,1,0,0
"429",429,0,1,409.708,115.040062404976,2020275.75,1,0,0
"436",436,0,1,600.332,115.040063877498,813098.5625,1,0,0
"438",438,0,1,577.887,115.053036362327,528639.4375,1,0,0
"442",442,0,1,577.887,115.0593368023,7986252.5,1,0,0
"446",446,0,1,279.568,115.076403515671,64585968,1,0,0
"455",455,0,1,645.653,116.007004401194,407243.28125,1,0,0
"457",457,0,1,494.896,116.035309545145,441560.0625,1,0,0
"460",460,0,1,476.8,116.035319246745,1315399.5,1,0,0
"463",463,0,1,531.679,116.071715009852,9222443,1,0,0
"467",467,0,1,279.568,116.079772878219,3961258.5,1,0,0
"471",471,0,1,813.178,116.928569688279,1266433.125,1,0,0
"476",476,0,1,391.187,116.934520386993,763341.5625,1,0,0
"482",482,0,1,405.807,116.934524566824,940801.9375,1,0,0
"488",488,0,1,612.77,117.019267087074,358989728,1,0,0
"495",495,0,1,379.161,117.055745385078,4011405.75,1,0,0
"504",504,0,1,366.31,117.055752522233,2617434.25,1,0,0
"513",513,0,1,531.679,117.075081583145,538667.5625,1,0,0
"523",523,0,1,612.77,118.022631661752,16020943,1,0,0
"533",533,0,1,615.244,118.050999236462,503442.90625,1,0,0
"543",543,0,1,356.291,118.904134887107,8130337.5,1,0,0
"547",547,0,1,516.648,118.904148788865,1337581.125,1,0,0
"550",550,0,1,700.955,118.942038742717,542542.625,1,0,0
"555",555,0,1,648.172,118.951555963604,668304.5625,1,0,0
"558",558,0,1,682.086,118.998589991678,561604.8125,1,0,0
"563",563,0,1,612.77,119.023458779138,2893850.25,1,0,0
"571",571,0,1,614.007,119.025772513198,266829.84375,1,0,0
"579",579,0,1,499.866,119.034973252191,3303756.25,1,0,0
"585",585,0,1,293.848,119.050202827416,270949.59375,1,0,0
"589",589,0,1,345.002,120.901219316591,2785110.75,1,0,0
"592",592,0,1,329.59,120.901219341395,2702818,1,0,0
"595",595,0,1,516.648,120.901221727786,497053.65625,1,0,0
"598",598,0,1,323.164,120.901222012635,2630163.5,1,0,0
"601",601,0,1,334.808,120.901222229004,2767584.5,1,0,0
"604",604,0,1,409.708,120.996505504855,411668.4375,1,0,0
"609",609,0,1,408.472,121.029523448532,8115770.5,1,0,0
"614",614,0,1,410.997,121.040771254821,1889493.125,1,0,0
"619",619,0,1,556.633,121.050654527578,4315925.5,1,0,0
"628",628,0,1,409.708,122.024794870963,12774793,1,0,0
"632",632,0,1,380.401,122.032877548538,781190.5625,1,0,0
"635",635,0,1,1257.19,122.967622496637,2533729.75,1,0,0
"638",638,0,1,580.359,123.902024624388,637420.5625,1,0,0
"642",642,0,1,421.192,124.040390462596,8228276.5,1,0,0
"652",652,0,1,479.451,124.051625660705,260085.53125,1,0,0
"656",656,0,1,552.908,125.000920364308,6705581.5,1,0,0
"660",660,0,1,604.085,125.024403422714,784760.625,1,0,0
"662",662,0,1,409.708,125.035642138857,64154572,1,0,0
"665",665,0,1,397.955,125.035656775963,3041271.75,1,0,0
"668",668,0,1,419.902,125.043694401414,496906.46875,1,0,0
"672",672,0,1,437.787,126.019695666003,332391.5625,1,0,0
"676",676,0,1,451.487,126.019699006216,419742.625,1,0,0
"680",680,0,1,458.979,126.030930245345,291589.5,1,0,0
"684",684,0,1,408.472,126.056064364745,263599.09375,1,0,0
"687",687,0,1,483.384,127.040171827906,432122.375,1,0,0
"691",691,0,1,630.694,127.051337873262,704891.875,1,0,0
"693",693,0,1,483.384,128.035305784435,369194496,1,0,0
"702",702,0,1,567.913,128.071751809248,1993859.375,1,0,0
"705",705,0,1,471.611,129.01697547645,621997.125,1,0,0
"711",711,0,1,458.979,129.017022489463,339815.25,1,0,0
"717",717,0,1,615.244,129.019356807041,12737206,1,0,0
"722",722,0,1,721.462,129.019380645398,16165681,1,0,0
"724",724,0,1,283.3,129.019386798185,626980.625,1,0,0
"728",728,0,1,437.787,129.019397531448,25708102,1,0,0
"740",740,0,1,484.622,129.032372882194,1595015.625,1,0,0
"750",750,0,1,483.384,129.038679562181,21115898,1,0,0
"760",760,0,1,284.544,129.055766320061,1185156.75,1,0,0
"764",764,0,1,297.757,129.055780975749,986724.625,1,0,0
"768",768,0,1,258.352,129.092178344727,3153674.25,1,0,0
"770",770,0,1,688.386,130.022678666762,1616958.875,1,0,0
"774",774,0,1,436.547,130.02269297859,1570063.625,1,0,0
"782",782,0,1,481.97,130.03957096057,2632299,1,0,0
"785",785,0,1,481.97,130.041979413171,517247.0625,1,0,0
"788",788,0,1,591.604,130.050964355469,11618987,1,0,0
"793",793,0,1,439.028,130.050979641685,1790050.125,1,0,0
"801",801,0,1,470.325,130.087310946114,3294553.25,1,0,0
"804",804,0,1,514.174,131.020064962832,315502.15625,1,0,0
"806",806,0,1,586.602,131.034988950517,3188967.5,1,0,0
"812",812,0,1,412.236,131.034994587505,1075680.25,1,0,0
"820",820,0,1,422.614,131.035012062935,668417.25,1,0,0
"828",828,0,1,635.671,131.04621887207,10141913,1,0,0
"838",838,0,1,590.324,131.054327091467,623025.1875,1,0,0
"844",844,0,1,338.549,131.071391947741,2302355.25,1,0,0
"848",848,0,1,361.302,131.071398337946,3269590.5,1,0,0
"852",852,0,1,876.827,131.082611083984,2120938.25,1,0,0
"854",854,0,1,471.611,131.090727312195,278891.28125,1,0,0
"858",858,0,1,614.007,132.030208016589,2041975.625,1,0,0
"862",862,0,1,636.931,132.049589211492,442055.9375,1,0,0
"865",865,0,1,592.881,132.867904888101,551525.625,1,0,0
"873",873,0,1,461.454,133.001999393706,410149.625,1,0,0
"881",881,0,1,644.414,133.014236450195,129164120,1,0,0
"893",893,0,1,586.602,133.015678143601,596138.9375,1,0,0
"900",900,0,1,408.472,133.050666140667,131252152,1,0,0
"910",910,0,1,397.955,133.050674438477,14499064,1,0,0
"920",920,0,1,409.708,133.087064381308,452169.40625,1,0,0
"930",930,0,1,644.414,134.017631982701,6098772.5,1,0,0
"934",934,0,1,366.31,134.024818062783,973902.375,1,0,0
"941",941,0,1,494.896,134.047250444502,74683536,1,0,0
"956",956,0,1,437.787,134.054038468559,2219053.75,1,0,0
"965",965,0,1,531.679,134.082339139175,435765.6875,1,0,0
"969",969,0,1,597.852,134.894717363351,356400.375,1,0,0
"974",974,0,1,555.391,135.029965012188,21781948,1,0,0
"992",992,0,1,544.143,135.029965037447,20974058,1,0,0
"1010",1010,0,1,511.522,135.031457359398,3970220.5,1,0,0
"1024",1024,0,1,494.896,135.044365755325,1288562.375,1,0,0
"1036",1036,0,1,291.178,135.045229819631,1465557.75,1,0,0
"1038",1038,0,1,494.896,135.05062138245,3966148.5,1,0,0
"1050",1050,0,1,503.771,135.066363651838,1700420.25,1,0,0
"1066",1066,0,1,551.632,136.03326983949,1027540.75,1,0,0
"1071",1071,0,1,546.62,136.040397155127,3507856.5,1,0,0
"1076",1076,0,1,649.414,136.949535723219,267123.03125,1,0,0
"1084",1084,0,1,649.414,136.96212053409,277653.96875,1,0,0
"1092",1092,0,1,278.325,137.024427642311,346686.4375,1,0,0
"1097",1097,0,1,499.866,137.024448911817,706117.75,1,0,0
"1105",1105,0,1,550.338,137.034056207219,294562.84375,1,0,0
"1112",1112,0,1,267.817,138.056094517211,405453.0625,1,0,0
"1115",1115,0,1,366.31,138.064188784476,3152912,1,0,0
"1127",1127,0,1,612.77,139.001245496116,986158.5,1,0,0
"1129",1129,0,1,407.053,139.00374217169,266213.03125,1,0,0
"1132",1132,0,1,461.454,139.04009994428,920379.5,1,0,0
"1135",1135,0,1,640.692,140.011939528512,293134.4375,1,0,0
"1137",1137,0,1,447.761,140.03538784273,1691376.125,1,0,0
"1139",1139,0,1,1254.43,140.965686007403,471356.4375,1,0,0
"1141",1141,0,1,1245,140.978219118003,490124.40625,1,0,0
"1143",1143,0,1,1257.19,140.978222778371,622581.3125,1,0,0
"1145",1145,0,1,397.955,141.019423985807,511405.4375,1,0,0
"1147",1147,0,1,441.511,142.050969736478,2574817.5,1,0,0
"1149",1149,0,1,602.845,142.050971195122,1923992.625,1,0,0
"1151",1151,0,1,658.138,143.034985126999,1271421.25,1,0,0
"1157",1157,0,1,669.473,143.034989024853,1467235.375,1,0,0
"1163",1163,0,1,409.708,143.034995472131,44178528,1,0,0
"1168",1168,0,1,298.997,143.071352756865,278106.625,1,0,0
"1170",1170,0,1,245.029,143.107732717249,173316640,1,0,0
"1179",1179,0,1,410.997,144.030281872107,1175128,1,0,0
"1186",1186,0,1,409.708,144.038364696697,3325651,1,0,0
"1193",1193,0,1,409.708,144.045497178805,609913.8125,1,0,0
"1200",1200,0,1,408.472,144.06665840744,857345.125,1,0,0
"1207",1207,0,1,643.172,144.077869583535,1824370.25,1,0,0
"1210",1210,0,1,422.614,145.014301578619,519671.375,1,0,0
"1213",1213,0,1,447.761,145.050697387958,769918.875,1,0,0
"1217",1217,0,1,296.515,145.050703985621,2307175.5,1,0,0
"1221",1221,0,1,630.694,145.061916296453,2662053,1,0,0
"1225",1225,0,1,935.185,145.098307622923,1932053.5,1,0,0
"1229",1229,0,1,494.896,146.045928955078,9513975,1,0,0
"1238",1238,0,1,602.845,146.04594161782,6239477,1,0,0
"1243",1243,0,1,510.283,146.966059889482,304710.84375,1,0,0
"1252",1252,0,1,615.244,147.029885917392,140732256,1,0,0
"1273",1273,0,1,499.866,147.029977554591,2626604.25,1,0,0
"1281",1281,0,1,292.605,147.045252067088,764769.5,1,0,0
"1285",1285,0,1,604.085,147.049260190344,426895.25,1,0,0
"1294",1294,0,1,494.896,147.049348452822,531797.5,1,0,0
"1298",1298,0,1,409.708,147.066352984978,11837571,1,0,0
"1306",1306,0,1,295.09,147.066360473633,18146174,1,0,0
"1310",1310,0,1,677.115,149.009184695941,372798.03125,1,0,0
"1313",1313,0,1,529.205,149.045559400474,10463916,1,0,0
"1323",1323,0,1,514.174,149.045572270556,5831914.5,1,0,0
"1333",1333,0,1,283.3,149.060796214252,543970.3125,1,0,0
"1335",1335,0,1,484.622,150.017280919329,2770107.5,1,0,0
"1339",1339,0,1,586.602,150.042160527026,39074424,1,0,0
"1356",1356,0,1,527.968,150.048960542891,666333,1,0,0
"1361",1361,0,1,271.557,150.092459866933,313444.75,1,0,0
"1367",1367,0,1,426.478,151.007100511134,355421.5625,1,0,0
"1372",1372,0,1,461.454,151.012574483437,1003120.9375,1,0,0
"1377",1377,0,1,532.951,151.026196561343,8782665,1,0,0
"1384",1384,0,1,586.602,151.039312875656,836515,1,0,0
"1412",1412,0,1,275.476,151.040103782964,577171.5,1,0,0
"1417",1417,0,1,586.602,151.045604608225,2099038,1,0,0
"1445",1445,0,1,585.35,151.06119389587,28314240,1,0,0
"1473",1473,0,1,532.951,152.029561111766,425120.71875,1,0,0
"1476",1476,0,1,646.894,152.927164653628,513183.96875,1,0,0
"1480",1480,0,1,649.414,152.98637208192,662959.6875,1,0,0
"1484",1484,0,1,521.597,152.995917017085,5210510.5,1,0,0
"1488",1488,0,1,604.085,153.016898555654,321241.40625,1,0,0
"1494",1494,0,1,264.956,153.019417793139,1150358.75,1,0,0
"1501",1501,0,1,248.912,153.019418595676,2523436,1,0,0
"1508",1508,0,1,611.5,153.019449122522,681577.6875,1,0,0
"1514",1514,0,1,635.671,153.028234305372,384459.96875,1,0,0
"1516",1516,0,1,409.708,153.055799922068,2251185,1,0,0
"1523",1523,0,1,408.472,153.067028341702,389584.09375,1,0,0
"1532",1532,0,1,418.661,153.067054324239,436152.375,1,0,0
"1541",1541,0,1,576.651,154.048622310157,739340.3125,1,0,0
"1545",1545,0,1,546.62,154.051072532823,787852.0625,1,0,0
"1550",1550,0,1,621.697,154.062261774791,10963778,1,0,0
"1562",1562,0,1,624.186,154.998711656566,686582.5,1,0,0
"1568",1568,0,1,439.028,155.002064803566,529357.1875,1,0,0
"1573",1573,0,1,423.857,155.002081104798,665758.8125,1,0,0
"1578",1578,0,1,491.004,155.009933405717,735071,1,0,0
"1580",1580,0,1,510.283,155.046335309535,4499809,1,0,0
"1587",1587,0,1,621.697,155.065638737937,744725.375,1,0,0
"1593",1593,0,1,462.728,156.030371360393,2155124,1,0,0
"1597",1597,0,1,475.499,156.066770709185,347592.125,1,0,0
"1601",1601,0,1,469.088,156.066781676414,479957.40625,1,0,0
"1605",1605,0,1,1246.29,156.943176269531,1105785.875,1,0,0
"1608",1608,0,1,1062.75,156.943182334924,532225.4375,1,0,0
"1611",1611,0,1,1255.71,156.943182425336,1159661.125,1,0,0
"1614",1614,0,1,596.609,157.014295139316,645987.375,1,0,0
"1617",1617,0,1,634.429,157.036755102229,4019661.75,1,0,0
"1622",1622,0,1,494.896,157.05067143341,7720651,1,0,0
"1627",1627,0,1,248.912,157.086978387261,273377.28125,1,0,0
"1629",1629,0,1,610.265,157.123406027603,269880.625,1,0,0
"1632",1632,0,1,237.067,157.123446409202,4396687,1,0,0
"1634",1634,0,1,389.761,158.022145705466,382124.125,1,0,0
"1637",1637,0,1,412.236,158.045931367199,2683035.5,1,0,0
"1640",1640,0,1,529.205,158.082327875344,1521638,1,0,0
"1643",1643,0,1,298.997,158.082337304325,2580595.25,1,0,0
"1648",1648,0,1,614.007,159.029886655387,989205.5625,1,0,0
"1654",1654,0,1,441.511,159.029968634787,936789.1875,1,0,0
"1659",1659,0,1,600.332,159.029973750371,3109804.5,1,0,0
"1665",1665,0,1,298.997,159.102756284757,3232764,1,0,0
"1668",1668,0,1,431.451,160.007478295049,957270.25,1,0,0
"1686",1686,0,1,445.271,160.061624093882,3287322.25,1,0,0
"1703",1703,0,1,592.881,160.061632548192,1864590.875,1,0,0
"1710",1710,0,1,460.216,160.06164106086,4541336,1,0,0
"1727",1727,0,1,376.5,160.076857440798,15680914,1,0,0
"1740",1740,0,1,396.53,160.076867928734,5887909,1,0,0
"1753",1753,0,1,592.881,160.842081608648,1397672.375,1,0,0
"1767",1767,0,1,409.708,161.024516869607,2898879.5,1,0,0
"1794",1794,0,1,422.614,161.024537355275,450539.9375,1,0,0
"1821",1821,0,1,410.997,161.045640122812,10156364,1,0,0
"1837",1837,0,1,669.473,161.045641648112,12310370,1,0,0
"1851",1851,0,1,460.216,161.06500920617,350318.28125,1,0,0
"1859",1859,0,1,377.922,161.080173107899,1639280.125,1,0,0
"1874",1874,0,1,597.852,162.049023664424,658546.5625,1,0,0
"1878",1878,0,1,592.881,162.839192649942,1251317.75,1,0,0
"1880",1880,0,1,455.245,163.040243641475,429937.3125,1,0,0
"1882",1882,0,1,577.887,163.049760537589,300938.84375,1,0,0
"1884",1884,0,1,521.597,163.061337359128,8486615,1,0,0
"1901",1901,0,1,497.384,164.05796335391,591128.0625,1,0,0
"1907",1907,0,1,498.624,164.071860436722,2221221,1,0,0
"1913",1913,0,1,695.958,164.108125717299,261450.921875,1,0,0
"1915",1915,0,1,592.881,164.836193954297,363383.875,1,0,0
"1919",1919,0,1,580.359,165.019395254664,1182211.625,1,0,0
"1941",1941,0,1,576.651,165.040435130412,98166680,1,0,0
"1963",1963,0,1,255.494,165.041047115292,419739.4375,1,0,0
"1970",1970,0,1,338.549,165.055766848025,3052859.5,1,0,0
"1977",1977,0,1,361.302,165.055768216421,4213106.5,1,0,0
"1984",1984,0,1,571.664,165.076808498844,364847,1,0,0
"2002",2002,0,1,560.366,165.076874364354,566713.9375,1,0,0
"2020",2020,0,1,474.263,165.991284804411,439912.8125,1,0,0
"2023",2023,0,1,484.622,165.991339245183,486129.3125,1,0,0
"2026",2026,0,1,444.029,166.018070545006,277124.71875,1,0,0
"2031",2031,0,1,576.651,166.043828586385,5280393.5,1,0,0
"2041",2041,0,1,1257.19,166.957492363446,1076074,1,0,0
"2049",2049,0,1,454.006,167.035080106971,1353447.875,1,0,0
"2057",2057,0,1,235.666,167.107857419673,3234732.75,1,0,0
"2059",2059,0,1,409.708,168.030321089226,477153.96875,1,0,0
"2064",2064,0,1,432.73,168.066713945573,1159769.875,1,0,0
"2069",2069,0,1,693.414,168.981364099457,424130.21875,1,0,0
"2074",2074,0,1,616.558,169.01162027931,366858.78125,1,0,0
"2080",2080,0,1,746.2,169.014379774341,1435751.375,1,0,0
"2083",2083,0,1,233.18,169.123537876744,8070374.5,1,0,0
"2085",2085,0,1,615.244,169.849700812614,511284.8125,1,0,0
"2089",2089,0,1,492.243,170.046023877208,320142.15625,1,0,0
"2092",2092,0,1,475.499,170.046027869965,309385.59375,1,0,0
"2095",2095,0,1,485.858,170.046044930141,363091.59375,1,0,0
"2098",2098,0,1,233.18,170.126901217,821799.625,1,0,0
"2100",2100,0,1,595.367,170.833409655247,273847.84375,1,0,0
"2105",2105,0,1,605.322,171.006512894881,21262004,1,0,0
"2115",2115,0,1,535.425,171.030101405124,632951.9375,1,0,0
"2120",2120,0,1,408.472,171.066388262611,393567.78125,1,0,0
"2123",2123,0,1,264.956,171.066437436051,939517.625,1,0,0
"2127",2127,0,1,270.31,171.102833881021,803832.5,1,0,0
"2133",2133,0,1,366.31,171.114055383334,636734.6875,1,0,0
"2137",2137,0,1,380.401,171.114057190055,505106.8125,1,0,0
"2141",2141,0,1,230.334,171.139174624775,39110128,1,0,0
"2143",2143,0,1,605.322,172.009893718604,750446.125,1,0,0
"2147",2147,0,1,587.842,172.024234783417,1004840.625,1,0,0
"2152",2152,0,1,577.887,172.046696850886,289330.375,1,0,0
"2157",2157,0,1,449.003,172.061700443752,953098.1875,1,0,0
"2165",2165,0,1,275.476,172.098062700541,1426452.5,1,0,0
"2168",2168,0,1,493.658,172.098077628755,1890116.75,1,0,0
"2171",2171,0,1,746.2,172.957997521029,3085852.5,1,0,0
"2177",2177,0,1,879.547,172.958004739723,2510238.75,1,0,0
"2182",2182,0,1,615.244,172.976843786325,392085.71875,1,0,0
"2189",2189,0,1,721.462,173.009216308594,7538721.5,1,0,0
"2194",2194,0,1,585.35,173.042711640808,304196.4375,1,0,0
"2200",2200,0,1,408.472,173.045587593966,3612747.75,1,0,0
"2207",2207,0,1,396.53,173.04561258704,937841.375,1,0,0
"2214",2214,0,1,586.602,173.046015401341,1504169.25,1,0,0
"2224",2224,0,1,515.411,173.056828019607,383121.75,1,0,0
"2227",2227,0,1,581.597,173.093212600171,553441,1,0,0
"2233",2233,0,1,1003.32,173.10446322027,2305467.25,1,0,0
"2242",2242,0,1,261.033,173.118389101592,612973.375,1,0,0
"2245",2245,0,1,688.386,174.012566418507,4116667.25,1,0,0
"2251",2251,0,1,591.604,174.040872183153,1647879.375,1,0,0
"2255",2255,0,1,634.429,174.077252556435,1073316,1,0,0
"2258",2258,0,1,435.212,174.077259745876,801898.875,1,0,0
"2264",2264,0,1,653.14,174.088494437182,1036917.75,1,0,0
"2267",2267,0,1,699.707,174.937543690099,505269.8125,1,0,0
"2273",2273,0,1,653.14,174.947017817904,1467549.75,1,0,0
"2277",2277,0,1,688.386,175.013327707997,670278.25,1,0,0
"2283",2283,0,1,641.933,175.024876385268,1924369,1,0,0
"2292",2292,0,1,409.708,175.024897906538,572904.9375,1,0,0
"2298",2298,0,1,433.971,175.024914650286,732525.1875,1,0,0
"2304",2304,0,1,421.192,175.02492044783,774146.125,1,0,0
"2310",2310,0,1,283.3,175.061254277365,357835.09375,1,0,0
"2315",2315,0,1,532.951,175.061276427191,41785192,1,0,0
"2330",2330,0,1,298.997,175.061346017637,274155.84375,1,0,0
"2335",2335,0,1,517.885,175.072477821482,377325.0625,1,0,0
"2344",2344,0,1,262.279,175.097684558298,631693.5,1,0,0
"2347",2347,0,1,503.771,176.002421243916,1195245.125,1,0,0
"2352",2352,0,1,478.215,176.040369049805,9616728,1,0,0
"2365",2365,0,1,621.697,176.044219478191,410841.5,1,0,0
"2368",2368,0,1,576.651,176.05638324875,344614.28125,1,0,0
"2370",2370,0,1,470.325,176.056582249637,333400.8125,1,0,0
"2383",2383,0,1,650.656,176.936060354905,944797,1,0,0
"2387",2387,0,1,370.034,177.019438701054,509433.84375,1,0,0
"2391",2391,0,1,387.094,177.019483759582,275197.46875,1,0,0
"2395",2395,0,1,430.208,177.022843774936,522700.03125,1,0,0
"2401",2401,0,1,423.857,177.040564806574,2076265.375,1,0,0
"2407",2407,0,1,597.852,177.040585153546,2863923,1,0,0
"2416",2416,0,1,409.708,177.076976033048,2509721.5,1,0,0
"2422",2422,0,1,534.188,178.044018268328,569470.75,1,0,0
"2429",2429,0,1,531.679,178.072204589844,10657222,1,0,0
"2438",2438,0,1,636.931,179.002117166573,273322.6875,1,0,0
"2448",2448,0,1,634.429,179.018810699203,425648.53125,1,0,0
"2458",2458,0,1,417.42,179.035105722958,15937235,1,0,0
"2476",2476,0,1,534.188,179.035150927504,1061870,1,0,0
"2493",2493,0,1,409.708,179.038561050366,1647139.875,1,0,0
"2504",2504,0,1,531.679,179.056234427972,9899856,1,0,0
"2523",2523,0,1,552.908,179.056239912831,38840348,1,0,0
"2542",2542,0,1,664.515,179.056264081463,4790687.5,1,0,0
"2551",2551,0,1,531.679,179.075523653387,756291.25,1,0,0
"2568",2568,0,1,551.632,180.059615836104,2720331.25,1,0,0
"2580",2580,0,1,584.111,180.066758378676,6662513.5,1,0,0
"2586",2586,0,1,454.006,181.050818282432,18600080,1,0,0
"2609",2609,0,1,611.5,181.071842335124,82730864,1,0,0
"2634",2634,0,1,410.997,181.995270020745,501934.03125,1,0,0
"2639",2639,0,1,266.389,182.046074444231,14150161,1,0,0
"2648",2648,0,1,577.887,182.993531689225,7205968,1,0,0
"2651",2651,0,1,267.817,183.049308128812,1222203.75,1,0,0
"2662",2662,0,1,419.902,183.077630409063,737491.25,1,0,0
"2666",2666,0,1,515.411,183.087503250116,17488346,1,0,0
"2673",2673,0,1,289.752,183.102756684712,1584825.5,1,0,0
"2679",2679,0,1,485.858,183.992936069455,460767.78125,1,0,0
"2681",2681,0,1,409.708,184.061650428662,2750425.25,1,0,0
"2690",2690,0,1,1258.47,184.968092156243,858441.9375,1,0,0
"2698",2698,0,1,446.52,185.045653559357,291766.75,1,0,0
"2700",2700,0,1,488.51,185.056866925897,2349503,1,0,0
"2708",2708,0,1,283.3,185.118405036309,2123562.75,1,0,0
"2710",2710,0,1,587.842,186.018971129559,578650.1875,1,0,0
"2715",2715,0,1,408.472,186.023188700469,452953.46875,1,0,0
"2717",2717,0,1,595.367,186.040942493806,900615.75,1,0,0
"2722",2722,0,1,542.903,186.077317438599,605592.3125,1,0,0
"2724",2724,0,1,416.18,186.077319975045,458229.375,1,0,0
"2726",2726,0,1,258.352,186.113701828869,1732283.125,1,0,0
"2729",2729,0,1,243.79,187.007220776247,401128.375,1,0,0
"2733",2733,0,1,592.881,187.019464447527,287590.9375,1,0,0
"2737",2737,0,1,604.085,187.024948732374,10225456,1,0,0
"2741",2741,0,1,470.325,187.042099071305,1515218.875,1,0,0
"2746",2746,0,1,460.216,187.042113056976,1088571,1,0,0
"2751",2751,0,1,488.51,187.072572440194,1388537.125,1,0,0
"2760",2760,0,1,489.747,187.097686044971,478718.4375,1,0,0
"2769",2769,0,1,565.424,187.108985469982,728075.75,1,0,0
"2772",2772,0,1,926.162,187.120214379075,322979.21875,1,0,0
"2774",2774,0,1,276.9,187.134100988518,641407.625,1,0,0
"2776",2776,0,1,577.887,188.024198778226,581320.625,1,0,0
"2788",2788,0,1,579.123,188.056565512315,2367399,1,0,0
"2800",2800,0,1,428.965,188.056615620025,3358087.25,1,0,0
"2811",2811,0,1,412.236,188.09298980417,3181850,1,0,0
"2825",2825,0,1,300.24,188.092991979226,2591168.25,1,0,0
"2833",2833,0,1,397.955,188.092995279342,689443.5,1,0,0
"2847",2847,0,1,1257.19,188.939530417971,1315109,1,0,0
"2853",2853,0,1,645.653,189.00421782798,330196.65625,1,0,0
"2858",2858,0,1,656.861,189.004256872582,1566917.75,1,0,0
"2863",2863,0,1,586.602,189.035102300076,5139474.5,1,0,0
"2867",2867,0,1,580.359,189.040563319409,1232922.625,1,0,0
"2871",2871,0,1,275.476,189.077015555705,1154127.375,1,0,0
"2875",2875,0,1,494.896,189.077032806254,1423557.625,1,0,0
"2880",2880,0,1,600.332,189.088258892388,1590716,1,0,0
"2884",2884,0,1,445.271,190.018157461343,2410287,1,0,0
"2888",2888,0,1,300.24,190.054550231251,8237355.5,1,0,0
"2896",2896,0,1,552.908,190.072355518903,304096.375,1,0,0
"2901",2901,0,1,575.414,191.019885094081,4754398,1,0,0
"2911",2911,0,1,706.044,191.019894152384,60349764,1,0,0
"2938",2938,0,1,549.098,191.056295261338,54531584,1,0,0
"2960",2960,0,1,549.098,192.059648912969,4107315.75,1,0,0
"2966",2966,0,1,297.757,192.066824474958,584923.5,1,0,0
"2969",2969,0,1,605.322,192.988429255279,790087.5,1,0,0
"2977",2977,0,1,596.609,193.017770962651,503814.03125,1,0,0
"2988",2988,0,1,605.322,193.03546350024,4769808,1,0,0
"2996",2996,0,1,397.955,193.050635535948,364834.21875,1,0,0
"3016",3016,0,1,409.708,193.050666627023,14748000,1,0,0
"3036",3036,0,1,275.476,193.050723758533,341468.90625,1,0,0
"3039",3039,0,1,617.974,193.071807688697,315098.1875,1,0,0
"3053",3053,0,1,599.093,193.071881030644,964652.5,1,0,0
"3067",3067,0,1,604.085,194.038918692443,285048.75,1,0,0
"3071",3071,0,1,254.25,194.0824057574,1010767.8125,1,0,0
"3075",3075,0,1,813.178,194.906010973244,2252762,1,0,0
"3082",3082,0,1,700.955,194.927612319366,14665009,1,0,0
"3086",3086,0,1,649.414,194.946648900152,2581571.75,1,0,0
"3090",3090,0,1,250.154,195.030053102836,843460.1875,1,0,0
"3095",3095,0,1,457.741,195.033460420388,443157.75,1,0,0
"3100",3100,0,1,575.414,195.051112263341,27825064,1,0,0
"3120",3120,0,1,592.881,195.811023710978,2256065,1,0,0
"3126",3126,0,1,575.414,196.054473240995,2037436.875,1,0,0
"3132",3132,0,1,602.845,196.054490612549,865723.25,1,0,0
"3138",3138,0,1,288.506,196.092459405346,1730850.5,1,0,0
"3141",3141,0,1,699.707,196.92343669028,1200596.625,1,0,0
"3147",3147,0,1,605.322,197.02216557218,1990560.5,1,0,0
"3152",3152,0,1,497.384,197.042991753281,1318032.875,1,0,0
"3154",3154,0,1,414.894,197.045714528101,789751.375,1,0,0
"3160",3160,0,1,592.881,197.808116880501,3006700.75,1,0,0
"3164",3164,0,1,397.955,198.040971948792,408653.40625,1,0,0
"3171",3171,0,1,408.472,198.041040100225,489935.8125,1,0,0
"3178",3178,0,1,300.24,198.077388833431,935724.625,1,0,0
"3182",3182,0,1,461.454,199.037910570854,6679511.5,1,0,0
"3191",3191,0,1,445.271,199.072616155989,530879.3125,1,0,0
"3202",3202,0,1,458.979,199.072626346587,822288.3125,1,0,0
"3213",3213,0,1,224.003,199.170559984279,4661653.5,1,0,0
"3218",3218,0,1,594.125,199.805195072363,1489569,1,0,0
"3222",3222,0,1,535.425,200.05664955314,2354035.5,1,0,0
"3226",3226,0,1,248.912,200.093035599407,420620.15625,1,0,0
"3230",3230,0,1,242.371,200.129430238748,8958502,1,0,0
"3234",3234,0,1,224.003,200.173902676246,601915.625,1,0,0
"3236",3236,0,1,550.338,201.037973385618,320968.5625,1,0,0
"3239",3239,0,1,381.783,201.040696314048,412628.625,1,0,0
"3243",3243,0,1,414.894,201.088328505829,477959.5,1,0,0
"3247",3247,0,1,288.506,201.11345636372,408166.75,1,0,0
"3250",3250,0,1,574.178,202.035882009156,326872.46875,1,0,0
"3253",3253,0,1,565.424,202.035958601065,493163.875,1,0,0
"3256",3256,0,1,582.871,202.048802251339,347534.875,1,0,0
"3259",3259,0,1,289.752,202.108731617963,3631256.75,1,0,0
"3263",3263,0,1,470.325,202.108734213081,3647446.5,1,0,0
"3265",3265,0,1,706.044,203.019995621885,1433324.25,1,0,0
"3269",3269,0,1,612.77,203.053861685647,2033648.875,1,0,0
"3274",3274,0,1,654.38,203.056399788333,303969.8125,1,0,0
"3278",3278,0,1,590.324,203.067600297395,267869.21875,1,0,0
"3282",3282,0,1,552.908,203.082849510879,6026090,1,0,0
"3289",3289,0,1,597.852,203.103982506071,818729.5,1,0,0
"3293",3293,0,1,580.359,204.051443995549,1432837.375,1,0,0
"3300",3300,0,1,412.236,204.066738770951,3058271,1,0,0
"3314",3314,0,1,577.887,204.975535926149,1052249.5,1,0,0
"3319",3319,0,1,381.783,205.017752817683,537358,1,0,0
"3323",3323,0,1,546.62,205.035529073542,1703635.875,1,0,0
"3335",3335,0,1,678.357,205.035531594918,3481648,1,0,0
"3345",3345,0,1,560.366,205.0355324826,2865707,1,0,0
"3357",3357,0,1,685.898,205.035534775245,3267258,1,0,0
"3367",3367,0,1,237.067,205.159955019602,1605008.125,1,0,0
"3370",3370,0,1,445.271,206.045986670419,1276940,1,0,0
"3377",3377,0,1,289.752,206.082426477897,3734259.5,1,0,0
"3383",3383,0,1,492.243,206.082478230723,450747.875,1,0,0
"3387",3387,0,1,1257.19,206.950095402827,363348.625,1,0,0
"3389",3389,0,1,567.913,207.033513693959,302772.59375,1,0,0
"3393",3393,0,1,544.143,207.051192566209,1316242,1,0,0
"3396",3396,0,1,298.997,207.069940914438,674610.9375,1,0,0
"3400",3400,0,1,466.438,207.087609410258,13953409,1,0,0
"3417",3417,0,1,242.371,208.098101033934,2353606.25,1,0,0
"3419",3419,0,1,670.713,209.030501476273,5023698.5,1,0,0
"3423",3423,0,1,519.122,209.066884803001,4522582,1,0,0
"3434",3434,0,1,287.078,209.082121588861,1132713.625,1,0,0
"3438",3438,0,1,274.231,209.082152408078,403636,1,0,0
"3442",3442,0,1,300.24,210.077407594951,17276130,1,0,0
"3448",3448,0,1,436.547,210.088646430566,676451.875,1,0,0
"3451",3451,0,1,409.708,211.06143169769,435997.375,1,0,0
"3454",3454,0,1,423.857,211.072654667081,685770,1,0,0
"3457",3457,0,1,629.446,211.082574217802,582473.5,1,0,0
"3461",3461,0,1,481.97,212.017925062709,465523.65625,1,0,0
"3464",3464,0,1,295.09,212.038939645152,821865.375,1,0,0
"3467",3467,0,1,638.208,214.048854089834,14620370,1,0,0
"3472",3472,0,1,248.912,214.108762894773,530613.6875,1,0,0
"3482",3482,0,1,234.423,214.145164729388,7416374,1,0,0
"3485",3485,0,1,580.359,215.002120940658,348345.25,1,0,0
"3487",3487,0,1,600.332,215.033072842918,17745572,1,0,0
"3503",3503,0,1,498.624,215.056439266134,1581873.25,1,0,0
"3512",3512,0,1,501.107,215.06760003152,928493.75,1,0,0
"3521",3521,0,1,234.423,215.129047086903,512881.75,1,0,0
"3527",3527,0,1,234.423,215.148345626051,862176.75,1,0,0
"3533",3533,0,1,614.007,216.03364784962,772878.6875,1,0,0
"3539",3539,0,1,541.628,216.051507529887,284082.4375,1,0,0
"3541",3541,0,1,493.658,216.087897896215,870966.875,1,0,0
"3546",3546,0,1,225.244,216.108144072073,389351.125,1,0,0
"3550",3550,0,1,600.332,217.030094477007,5995384.5,1,0,0
"3552",3552,0,1,595.367,217.035563685393,1463421.25,1,0,0
"3555",3555,0,1,611.5,217.048534926945,2037150.25,1,0,0
"3557",3557,0,1,227.849,217.052683998592,670490.3125,1,0,0
"3561",3561,0,1,587.842,217.08317419078,366814,1,0,0
"3564",3564,0,1,601.572,218.013022249577,371743.21875,1,0,0
"3567",3567,0,1,600.332,218.033440345757,390717.625,1,0,0
"3570",3570,0,1,575.414,218.067182599532,434919.875,1,0,0
"3574",3574,0,1,567.913,218.067188599982,549848.75,1,0,0
"3578",3578,0,1,532.951,219.051228354797,992680.4375,1,0,0
"3593",3593,0,1,519.122,219.05124081921,4143389,1,0,0
"3608",3608,0,1,483.384,220.065053437613,358569.59375,1,0,0
"3610",3610,0,1,309.728,220.065156135513,768370.25,1,0,0
"3614",3614,0,1,298.997,220.06519575472,1005388.875,1,0,0
"3618",3618,0,1,287.078,220.098130585932,270175.375,1,0,0
"3621",3621,0,1,467.852,221.012546698259,1911008,1,0,0
"3627",3627,0,1,670.713,221.066854798837,3443110.25,1,0,0
"3640",3640,0,1,659.377,221.066873189104,3933981.25,1,0,0
"3653",3653,0,1,253.007,221.082154652553,273212.625,1,0,0
"3659",3659,0,1,280.811,221.085764700758,320955.34375,1,0,0
"3665",3665,0,1,534.188,222.038495688297,359102.46875,1,0,0
"3667",3667,0,1,418.661,222.077429667033,496090.53125,1,0,0
"3670",3670,0,1,1245,222.915178965109,424868.9375,1,0,0
"3674",3674,0,1,1255.71,222.915185316914,534241.875,1,0,0
"3678",3678,0,1,592.881,223.02847434985,524013.96875,1,0,0
"3682",3682,0,1,651.899,223.046204735678,2711269,1,0,0
"3693",3693,0,1,300.24,223.06145252407,999141,1,0,0
"3699",3699,0,1,409.708,224.056720172797,850608.8125,1,0,0
"3713",3713,0,1,309.728,224.056735303815,315658.84375,1,0,0
"3718",3718,0,1,271.557,224.093109130859,3040001.75,1,0,0
"3726",3726,0,1,416.18,224.104348757666,5834023,1,0,0
"3740",3740,0,1,425.1,225.088369301289,7715134.5,1,0,0
"3753",3753,0,1,416.18,225.107462150203,695332.0625,1,0,0
"3771",3771,0,1,296.515,225.113535346796,2534950.75,1,0,0
"3774",3774,0,1,605.322,226.048893121564,568040.5,1,0,0
"3780",3780,0,1,514.174,226.083611954082,375248.96875,1,0,0
"3784",3784,0,1,292.605,227.013509086872,2202551.25,1,0,0
"3790",3790,0,1,305.606,227.104053794632,3362424,1,0,0
"3803",3803,0,1,301.668,227.129176962317,813609.875,1,0,0
"3816",3816,0,1,300.24,227.14040493896,469384.3125,1,0,0
"3829",3829,0,1,218.865,227.201972540304,3124391,1,0,0
"3831",3831,0,1,279.568,228.033896559499,808592.25,1,0,0
"3834",3834,0,1,439.028,228.03393279601,2990151.75,1,0,0
"3852",3852,0,1,231.757,228.160701913009,1256098.875,1,0,0
"3857",3857,0,1,218.865,228.205129263891,477784.53125,1,0,0
"3862",3862,0,1,1258.47,228.932067249802,515664.0625,1,0,0
"3867",3867,0,1,437.787,229.037182817331,311930.34375,1,0,0
"3872",3872,0,1,471.611,229.083149519052,947234.5,1,0,0
"3877",3877,0,1,462.728,229.083180965787,791119.9375,1,0,0
"3882",3882,0,1,447.761,229.083190095657,608484.0625,1,0,0
"3887",3887,0,1,566.669,230.013078628093,1376870.5,1,0,0
"3893",3893,0,1,605.322,230.019869048368,571016.25,1,0,0
"3899",3899,0,1,549.098,230.049479755111,781479.75,1,0,0
"3907",3907,0,1,542.903,230.067215544501,1097675.375,1,0,0
"3920",3920,0,1,246.431,230.103326461155,310558.78125,1,0,0
"3927",3927,0,1,247.671,230.140003475783,1260985.75,1,0,0
"3934",3934,0,1,239.734,231.160350347848,395494.4375,1,0,0
"3936",3936,0,1,575.414,232.028752630463,304440.9375,1,0,0
"3939",3939,0,1,557.878,232.082885139557,366597.375,1,0,0
"3942",3942,0,1,413.655,233.104601622846,1343789.875,1,0,0
"3952",3952,0,1,216.352,235.13420156773,819914.9375,1,0,0
"3957",3957,0,1,666.995,236.023708745218,613044.625,1,0,0
"3962",3962,0,1,636.931,236.030831747064,294845.0625,1,0,0
"3964",3964,0,1,414.894,236.056707281244,556394.75,1,0,0
"3972",3972,0,1,271.557,236.056729071616,691695.375,1,0,0
"3974",3974,0,1,625.431,236.077845610434,1249257.375,1,0,0
"3976",3976,0,1,285.79,236.093090862302,2293711.25,1,0,0
"3981",3981,0,1,445.271,236.093127933548,1053295.875,1,0,0
"3985",3985,0,1,718.936,237.007743127545,810401.4375,1,0,0
"3990",3990,0,1,612.77,237.029463797078,479757.375,1,0,0
"3993",3993,0,1,512.938,237.040700590868,616480.0625,1,0,0
"3998",3998,0,1,581.597,237.061837058865,877141.125,1,0,0
"4001",4001,0,1,509.044,237.098256278178,674786.875,1,0,0
"4006",4006,0,1,216.352,237.113533748108,2934656.5,1,0,0
"4015",4015,0,1,405.807,237.124758455198,869536,1,0,0
"4017",4017,0,1,256.925,238.108788061762,10394537,1,0,0
"4025",4025,0,1,830.315,238.892060667057,969229.5625,1,0,0
"4029",4029,0,1,625.431,239.056422042668,643950.875,1,0,0
"4033",4033,0,1,595.367,239.077539001556,1740019,1,0,0
"4039",4039,0,1,592.881,240.051692257154,1513649.25,1,0,0
"4048",4048,0,1,478.215,240.099279158254,788019.4375,1,0,0
"4053",4053,0,1,581.597,241.035644081845,786826.1875,1,0,0
"4055",4055,0,1,297.757,241.048588525177,370958.15625,1,0,0
"4063",4063,0,1,397.955,241.083317866001,911042.875,1,0,0
"4079",4079,0,1,409.708,241.083323918043,18184984,1,0,0
"4095",4095,0,1,216.352,241.217648418213,1447013.5,1,0,0
"4097",4097,0,1,605.322,242.080174837239,606058.5,1,0,0
"4103",4103,0,1,241.131,242.082640411791,1535905.25,1,0,0
"4108",4108,0,1,937.893,242.162618421732,344776.3125,1,0,0
"4111",4111,0,1,226.607,242.176537116667,2063866.25,1,0,0
"4116",4116,0,1,304.355,243.044746476518,363357.21875,1,0,0
"4119",4119,0,1,579.123,243.062367874766,1520903.375,1,0,0
"4124",4124,0,1,560.366,243.062457810956,4969942.5,1,0,0
"4129",4129,0,1,279.568,243.123978263193,420677.96875,1,0,0
"4131",4131,0,1,292.605,243.135258839851,399997.03125,1,0,0
"4133",4133,0,1,238.491,244.155668127386,1094091.125,1,0,0
"4139",4139,0,1,625.431,245.033880430912,379259.25,1,0,0
"4144",4144,0,1,544.143,245.043372680458,21217408,1,0,0
"4163",4163,0,1,529.205,245.114518014384,381676.84375,1,0,0
"4171",4171,0,1,575.414,246.044342843525,815855.125,1,0,0
"4176",4176,0,1,561.65,246.044398419241,1241922.375,1,0,0
"4181",4181,0,1,266.389,249.058945349435,772100.0625,1,0,0
"4188",4188,0,1,437.787,249.098255632015,2238364.25,1,0,0
"4192",4192,0,1,215.112,249.113390044101,820824.1875,1,0,0
"4197",4197,0,1,497.384,250.072370562495,1868904.75,1,0,0
"4200",4200,0,1,591.604,250.093506618725,3744934.75,1,0,0
"4203",4203,0,1,481.97,251.078857376255,9483847,1,0,0
"4227",4227,0,1,479.451,251.113910947271,15837711,1,0,0
"4264",4264,0,1,467.852,251.113912306301,24491724,1,0,0
"4301",4301,0,1,213.874,251.129180476898,3903802.5,1,0,0
"4307",4307,0,1,483.384,252.082062459632,952432.125,1,0,0
"4326",4326,0,1,282.056,252.088016844644,314383.4375,1,0,0
"4329",4329,0,1,479.451,252.117258587781,1735856.75,1,0,0
"4348",4348,0,1,467.852,252.117287467853,2937817,1,0,0
"4367",4367,0,1,626.771,253.056828561162,815958.0625,1,0,0
"4371",4371,0,1,470.325,253.083390640499,1019632.125,1,0,0
"4375",4375,0,1,571.664,253.09317706567,1022094.6875,1,0,0
"4389",4389,0,1,597.852,253.093206717617,1379604.25,1,0,0
"4403",4403,0,1,587.842,253.093214995936,3318232.5,1,0,0
"4417",4417,0,1,505.014,253.119670824551,628349.5625,1,0,0
"4422",4422,0,1,216.352,253.217690120262,706991.375,1,0,0
"4424",4424,0,1,462.728,254.067280461781,439587.03125,1,0,0
"4429",4429,0,1,565.424,254.067356274549,679524,1,0,0
"4433",4433,0,1,550.338,255.062620782717,597737.1875,1,0,0
"4440",4440,0,1,450.245,255.089083142501,414366.625,1,0,0
"4443",4443,0,1,215.112,255.233276833506,28934422,1,0,0
"4445",4445,0,1,287.078,256.065244212836,1307738.75,1,0,0
"4449",4449,0,1,493.658,256.094233238989,8122786.5,1,0,0
"4469",4469,0,1,605.322,256.09587978514,2081212.25,1,0,0
"4476",4476,0,1,222.763,256.192197984428,1763695.875,1,0,0
"4480",4480,0,1,215.112,256.23661684418,5054552.5,1,0,0
"4484",4484,0,1,300.24,257.056387429434,877799.8125,1,0,0
"4492",4492,0,1,409.708,257.056466378021,18210610,1,0,0
"4508",4508,0,1,422.614,257.05647055082,2462214.5,1,0,0
"4524",4524,0,1,483.384,257.078235542924,4635058.5,1,0,0
"4530",4530,0,1,493.658,257.097553158235,817711.0625,1,0,0
"4536",4536,0,1,561.65,257.114624529096,373956.96875,1,0,0
"4541",4541,0,1,270.31,257.114666364157,311280.78125,1,0,0
"4543",4543,0,1,263.71,257.151028648362,467438.65625,1,0,0
"4548",4548,0,1,300.24,257.55790307798,332356.03125,1,0,0
"4556",4556,0,1,422.614,257.558173721516,743648.875,1,0,0
"4572",4572,0,1,409.708,257.558174747275,4816171,1,0,0
"4588",4588,0,1,617.974,258.03870141667,1622747.5,1,0,0
"4592",4592,0,1,231.757,258.171337080402,469110.65625,1,0,0
"4596",4596,0,1,604.085,258.982453543971,712292.25,1,0,0
"4598",4598,0,1,653.14,259.022644042969,8181160.5,1,0,0
"4602",4602,0,1,640.692,259.022661342339,750119.375,1,0,0
"4606",4606,0,1,499.866,259.072682482172,355917.375,1,0,0
"4614",4614,0,1,300.24,259.076026509021,1659330.625,1,0,0
"4623",4623,0,1,298.997,259.130142593238,1099069.875,1,0,0
"4632",4632,0,1,493.658,259.130145983556,860553.5,1,0,0
"4637",4637,0,1,473.025,259.130242754715,368500.1875,1,0,0
"4642",4642,0,1,612.77,260.02349078472,403593.34375,1,0,0
"4645",4645,0,1,498.624,260.077786876265,2660952.75,1,0,0
"4654",4654,0,1,629.446,260.08905566584,362050.78125,1,0,0
"4660",4660,0,1,367.551,260.114113203076,693720.875,1,0,0
"4665",4665,0,1,379.161,260.114163044099,912719.5625,1,0,0
"4670",4670,0,1,247.671,260.114256907284,441154.125,1,0,0
"4673",4673,0,1,604.085,260.980478147058,756975.6875,1,0,0
"4676",4676,0,1,612.77,260.998051156772,3103501.5,1,0,0
"4679",4679,0,1,461.454,262.039359304489,401237.4375,1,0,0
"4684",4684,0,1,609.03,262.057063747884,487472.90625,1,0,0
"4688",4688,0,1,275.476,262.075730938272,614429.875,1,0,0
"4694",4694,0,1,452.765,262.083606943525,327570.59375,1,0,0
"4699",4699,0,1,296.515,262.11375424151,512019.5,1,0,0
"4705",4705,0,1,230.334,262.145124695131,651240.6875,1,0,0
"4710",4710,0,1,659.377,263.077549804142,745736.75,1,0,0
"4712",4712,0,1,491.004,263.090043923647,830665.25,1,0,0
"4715",4715,0,1,221.343,263.129143021402,5916034.5,1,0,0
"4721",4721,0,1,634.429,264.109125548317,5990942.5,1,0,0
"4723",4723,0,1,498.624,265.044573657767,410625.25,1,0,0
"4727",4727,0,1,227.849,265.108445755746,1102229.75,1,0,0
"4740",4740,0,1,241.131,265.108517772279,524347.375,1,0,0
"4753",4753,0,1,227.849,265.144776288517,885479.375,1,0,0
"4766",4766,0,1,206.354,265.1482506371,263193.03125,1,0,0
"4769",4769,0,1,597.852,266.067323880615,569386.6875,1,0,0
"4778",4778,0,1,596.609,266.088443280653,2994877.75,1,0,0
"4787",4787,0,1,580.359,266.124737164724,328389.15625,1,0,0
"4790",4790,0,1,545.382,267.02542890514,533393.25,1,0,0
"4793",4793,0,1,520.359,267.054776481371,449522.96875,1,0,0
"4796",4796,0,1,597.852,267.072418212891,6325567.5,1,0,0
"4810",4810,0,1,599.093,267.091615245231,310982,1,0,0
"4824",4824,0,1,550.338,267.108861179147,950154.6875,1,0,0
"4827",4827,0,1,679.599,269.088113417066,313805.71875,1,0,0
"4829",4829,0,1,225.244,269.103385325321,796114.3125,1,0,0
"4836",4836,0,1,213.874,269.248964160165,1105716.875,1,0,0
"4838",4838,0,1,284.544,271.061495585101,806790.4375,1,0,0
"4847",4847,0,1,309.728,271.061517901368,420386.53125,1,0,0
"4856",4856,0,1,296.515,271.061637630078,525603.8125,1,0,0
"4865",4865,0,1,497.384,271.082740816077,387279.5625,1,0,0
"4867",4867,0,1,254.25,271.119094962869,819807.625,1,0,0
"4877",4877,0,1,297.757,271.15543240213,643080.4375,1,0,0
"4886",4886,0,1,254.25,271.166717529297,2018996.875,1,0,0
"4896",4896,0,1,224.003,271.22824996445,508996.90625,1,0,0
"4898",4898,0,1,678.357,272.08290265582,1114048.5,1,0,0
"4903",4903,0,1,666.995,272.082951943548,709457.6875,1,0,0
"4908",4908,0,1,263.71,272.093194036957,4718914,1,0,0
"4912",4912,0,1,255.494,272.170056149864,291780.34375,1,0,0
"4917",4917,0,1,466.438,273.095913271156,846689.6875,1,0,0
"4920",4920,0,1,456.502,273.096027241573,312621.15625,1,0,0
"4923",4923,0,1,292.605,273.171116221377,501650.59375,1,0,0
"4925",4925,0,1,610.265,274.104753353435,489534.875,1,0,0
"4929",4929,0,1,224.003,274.148675272785,516941.625,1,0,0
"4933",4933,0,1,255.494,275.094787597656,1439854.25,1,0,0
"4936",4936,0,1,407.053,275.104109888645,689200.25,1,0,0
"4941",4941,0,1,296.515,275.10414056125,3585110.75,1,0,0
"4949",4949,0,1,617.974,275.125158063387,2312536,1,0,0
"4951",4951,0,1,542.903,276.109063221795,3626750,1,0,0
"4956",4956,0,1,229.09,277.052782111948,730499.8125,1,0,0
"4967",4967,0,1,220.104,277.144730916802,12361548,1,0,0
"4986",4986,0,1,493.658,278.076120195799,270255.25,1,0,0
"4993",4993,0,1,501.107,278.124744738957,6284463.5,1,0,0
"4998",4998,0,1,255.494,278.140065095518,787015.3125,1,0,0
"5001",5001,0,1,484.622,279.060081435185,1861764.625,1,0,0
"5004",5004,0,1,263.71,279.124024673404,462568.59375,1,0,0
"5006",5006,0,1,554.15,280.104038602889,2485695,1,0,0
"5010",5010,0,1,222.763,280.127313441657,457312,1,0,0
"5012",5012,0,1,261.033,280.166962157889,781228.25,1,0,0
"5018",5018,0,1,380.401,281.066864510973,362662.59375,1,0,0
"5022",5022,0,1,365.068,281.066918018091,327418.1875,1,0,0
"5026",5026,0,1,658.138,281.088051841981,1153234.625,1,0,0
"5036",5036,0,1,554.15,281.088057012217,1176792.75,1,0,0
"5042",5042,0,1,668.234,281.088078210457,1166859.5,1,0,0
"5052",5052,0,1,437.787,281.089418348654,1075435,1,0,0
"5058",5058,0,1,554.15,281.107347778392,268822.375,1,0,0
"5064",5064,0,1,239.734,281.139715336659,1805053.75,1,0,0
"5075",5075,0,1,213.874,281.248864482803,2401926,1,0,0
"5077",5077,0,1,581.597,282.084595182021,3265604.75,1,0,0
"5085",5085,0,1,215.112,282.252304760997,479097.1875,1,0,0
"5087",5087,0,1,611.5,283.103636620807,1058921.375,1,0,0
"5094",5094,0,1,220.104,283.118997249315,1312590.375,1,0,0
"5100",5100,0,1,233.18,283.11900616638,677952.9375,1,0,0
"5106",5106,0,1,213.874,283.264502076503,24243858,1,0,0
"5110",5110,0,1,313.852,284.125535294702,328994.21875,1,0,0
"5114",5114,0,1,213.874,284.267880080942,4754707.5,1,0,0
"5118",5118,0,1,298.997,285.055387934556,2726718,1,0,0
"5128",5128,0,1,414.894,285.055413891603,1171352.75,1,0,0
"5141",5141,0,1,407.053,285.055428948239,1314072.625,1,0,0
"5154",5154,0,1,409.708,285.073098954305,878243.1875,1,0,0
"5167",5167,0,1,242.371,285.13467400944,1587074,1,0,0
"5177",5177,0,1,242.371,285.182286373531,432099.9375,1,0,0
"5187",5187,0,1,591.604,286.070245236824,1022662.5,1,0,0
"5190",5190,0,1,224.003,286.166352122961,643631.9375,1,0,0
"5193",5193,0,1,218.865,287.096184935211,661507,1,0,0
"5197",5197,0,1,246.431,287.223208254188,756797.5,1,0,0
"5199",5199,0,1,408.472,288.088159972621,3256203.5,1,0,0
"5203",5203,0,1,580.359,289.071907655944,545507.8125,1,0,0
"5219",5219,0,1,562.933,289.07217999653,1845921.375,1,0,0
"5235",5235,0,1,564.178,290.075642698974,311186.09375,1,0,0
"5239",5239,0,1,535.425,290.088513099098,44752204,1,0,0
"5270",5270,0,1,221.343,290.176601718915,1798391.75,1,0,0
"5275",5275,0,1,431.451,291.099089615604,528519.4375,1,0,0
"5279",5279,0,1,601.572,292.072745043592,403005.28125,1,0,0
"5282",5282,0,1,470.325,292.140686112126,13278616,1,0,0
"5299",5299,0,1,589.082,293.099566292294,3372221,1,0,0
"5304",5304,0,1,494.896,293.114872234934,646785.75,1,0,0
"5314",5314,0,1,454.006,293.124726327143,1242314,1,0,0
"5324",5324,0,1,218.865,293.139981783216,2520823.5,1,0,0
"5332",5332,0,1,442.788,293.144004127629,715276.5,1,0,0
"5342",5342,0,1,624.186,294.083584362499,3331357,1,0,0
"5348",5348,0,1,483.384,295.034019333096,361900.78125,1,0,0
"5351",5351,0,1,635.671,295.067384578323,561231.9375,1,0,0
"5354",5354,0,1,293.848,295.082731460166,317427.03125,1,0,0
"5359",5359,0,1,624.186,295.086802655172,400306.5,1,0,0
"5362",5362,0,1,498.624,295.103779396128,496308,1,0,0
"5365",5365,0,1,237.067,295.155397648027,651261.375,1,0,0
"5370",5370,0,1,497.384,296.10026901539,349911.3125,1,0,0
"5378",5378,0,1,484.622,296.100395181417,763813.9375,1,0,0
"5386",5386,0,1,458.979,297.062021070032,639722.25,1,0,0
"5391",5391,0,1,575.414,297.119423320801,794247.5,1,0,0
"5395",5395,0,1,467.852,297.119463388795,728746.625,1,0,0
"5400",5400,0,1,282.056,297.134713357674,451028.875,1,0,0
"5404",5404,0,1,300.24,298.141230964273,1712934.375,1,0,0
"5412",5412,0,1,611.5,299.098743005714,827434.5,1,0,0
"5415",5415,0,1,432.73,299.114119375498,749191.4375,1,0,0
"5419",5419,0,1,237.067,299.198093107506,1390425,1,0,0
"5425",5425,0,1,592.881,300.049407229855,465931.09375,1,0,0
"5428",5428,0,1,280.811,300.182008269084,287504.1875,1,0,0
"5433",5433,0,1,586.602,301.092027236531,364360.15625,1,0,0
"5437",5437,0,1,461.454,301.093407260031,6038630.5,1,0,0
"5443",5443,0,1,605.322,302.10149021969,906041.4375,1,0,0
"5447",5447,0,1,601.572,302.534028073624,264466.75,1,0,0
"5451",5451,0,1,231.757,303.091261415949,320994.6875,1,0,0
"5456",5456,0,1,215.112,303.124243146174,594800.375,1,0,0
"5465",5465,0,1,210.166,303.160649020556,601057.6875,1,0,0
"5471",5471,0,1,532.951,304.069871521427,906493.5,1,0,0
"5475",5475,0,1,234.423,304.159233815009,378817.03125,1,0,0
"5481",5481,0,1,474.263,305.088315164361,569307.625,1,0,0
"5485",5485,0,1,501.107,306.058451916525,3040196.75,1,0,0
"5487",5487,0,1,233.18,306.17163469543,8336953.5,1,0,0
"5492",5492,0,1,794.859,307.151655893234,1879227.25,1,0,0
"5496",5496,0,1,241.131,308.198603710539,506315.46875,1,0,0
"5502",5502,0,1,229.09,309.079183064846,345958.25,1,0,0
"5506",5506,0,1,231.757,309.207687737337,801454.4375,1,0,0
"5510",5510,0,1,481.97,310.097136662077,1848859.375,1,0,0
"5513",5513,0,1,630.694,311.099074007541,332189.59375,1,0,0
"5519",5519,0,1,636.931,311.110259352741,428928.0625,1,0,0
"5525",5525,0,1,220.104,311.114105566185,365011.4375,1,0,0
"5529",5529,0,1,479.451,311.135341593527,1363716.25,1,0,0
"5535",5535,0,1,231.757,311.22339248804,2365852.5,1,0,0
"5538",5538,0,1,630.694,313.114658618753,1324864.375,1,0,0
"5541",5541,0,1,505.014,313.115957248506,306048.15625,1,0,0
"5545",5545,0,1,519.122,315.072679637345,613894.4375,1,0,0
"5551",5551,0,1,546.62,315.093897771721,279704.34375,1,0,0
"5555",5555,0,1,555.391,315.093952658171,437877.375,1,0,0
"5559",5559,0,1,570.401,316.115449719093,1070014.875,1,0,0
"5563",5563,0,1,621.697,317.05523135673,418448.21875,1,0,0
"5566",5566,0,1,231.757,317.13991026244,801864.6875,1,0,0
"5575",5575,0,1,207.694,317.1763157577,26094358,1,0,0
"5625",5625,0,1,605.322,318.096258657449,22809216,1,0,0
"5640",5640,0,1,224.003,319.119167644788,814865.125,1,0,0
"5648",5648,0,1,287.078,319.133677654572,548884.75,1,0,0
"5656",5656,0,1,220.104,319.155520582686,1198579.5,1,0,0
"5664",5664,0,1,207.694,319.155700434957,393017.90625,1,0,0
"5672",5672,0,1,213.874,319.192120307159,470921.09375,1,0,0
"5680",5680,0,1,227.849,321.134856005112,1659823.125,1,0,0
"5685",5685,0,1,606.559,323.028988552379,861089.8125,1,0,0
"5690",5690,0,1,461.454,323.075386138939,328690.96875,1,0,0
"5696",5696,0,1,293.848,323.077844241327,414075.6875,1,0,0
"5699",5699,0,1,569.159,323.098896615719,1828364.875,1,0,0
"5709",5709,0,1,445.271,323.135211141464,717847,1,0,0
"5716",5716,0,1,300.24,324.157020716706,1050402,1,0,0
"5725",5725,0,1,241.131,325.202581409293,324873.71875,1,0,0
"5727",5727,0,1,437.787,326.088721915815,650121.3125,1,0,0
"5739",5739,0,1,446.52,326.125116334251,4658753,1,0,0
"5752",5752,0,1,547.86,327.093761461487,502380,1,0,0
"5756",5756,0,1,253.007,327.218292548352,5167408,1,0,0
"5770",5770,0,1,253.007,328.221673704914,1067575.375,1,0,0
"5772",5772,0,1,266.389,329.067254029841,505035.40625,1,0,0
"5781",5781,0,1,614.007,329.109412905644,938888.125,1,0,0
"5788",5788,0,1,247.671,329.233829823742,39962840,1,0,0
"5812",5812,0,1,576.651,331.088634120248,507889.53125,1,0,0
"5815",5815,0,1,440.27,331.104109032322,470993.59375,1,0,0
"5819",5819,0,1,211.401,331.156039262354,478274,1,0,0
"5834",5834,0,1,297.757,331.176993686799,863651.6875,1,0,0
"5845",5845,0,1,206.354,331.192141367185,13335104,1,0,0
"5860",5860,0,1,675.874,332.104284297677,1088643.25,1,0,0
"5866",5866,0,1,540.379,332.125758868566,432605.6875,1,0,0
"5870",5870,0,1,639.45,333.059842954644,2883746.75,1,0,0
"5876",5876,0,1,220.104,333.135003826808,893248.375,1,0,0
"5897",5897,0,1,210.166,333.171377628148,6283201,1,0,0
"5918",5918,0,1,210.166,334.174788350914,1287770,1,0,0
"5926",5926,0,1,224.003,334.202978164359,683397.9375,1,0,0
"5933",5933,0,1,242.371,335.150635012221,1309220.25,1,0,0
"5937",5937,0,1,709.809,335.157895019484,459771.28125,1,0,0
"5945",5945,0,1,601.572,337.078335652485,739848.1875,1,0,0
"5948",5948,0,1,396.53,337.093538142407,805494.8125,1,0,0
"5961",5961,0,1,408.472,337.093595153853,13517520,1,0,0
"5974",5974,0,1,297.757,338.172835113098,3173546,1,0,0
"5981",5981,0,1,245.029,339.124295641559,493741.3125,1,0,0
"5987",5987,0,1,279.568,340.188158992251,448876.4375,1,0,0
"5992",5992,0,1,658.138,341.109348762797,15938381,1,0,0
"6025",6025,0,1,666.995,341.109364203356,16141161,1,0,0
"6058",6058,0,1,503.771,341.120613928709,1045161.4375,1,0,0
"6061",6061,0,1,467.852,341.145821194934,1820992.625,1,0,0
"6063",6063,0,1,492.243,342.083522743837,3751220.5,1,0,0
"6067",6067,0,1,534.188,342.11994270155,2021142.125,1,0,0
"6073",6073,0,1,285.79,343.213016842537,595281.25,1,0,0
"6075",6075,0,1,295.09,343.213056023701,537397.8125,1,0,0
"6077",6077,0,1,275.476,343.213074545757,515758.40625,1,0,0
"6079",6079,0,1,552.908,345.10440021833,411899.4375,1,0,0
"6082",6082,0,1,211.401,345.171272526156,2189205.75,1,0,0
"6100",6100,0,1,206.354,345.207780666056,1144917.125,1,0,0
"6118",6118,0,1,212.637,346.174612159177,446112.21875,1,0,0
"6124",6124,0,1,298.997,347.171703867217,1204451.5,1,0,0
"6133",6133,0,1,208.93,347.18686681767,171586736,1,0,0
"6182",6182,0,1,216.352,349.166313110072,731982.5625,1,0,0
"6215",6215,0,1,208.93,349.193061197485,4343157.5,1,0,0
"6248",6248,0,1,224.003,349.202813013052,538162.375,1,0,0
"6281",6281,0,1,208.93,349.202958778537,593710.4375,1,0,0
"6314",6314,0,1,208.93,350.195809972281,565629.6875,1,0,0
"6320",6320,0,1,253.007,351.10915678736,409748.5625,1,0,0
"6325",6325,0,1,409.708,351.130202817185,4662678.5,1,0,0
"6341",6341,0,1,230.334,351.145607388052,694413.125,1,0,0
"6349",6349,0,1,218.865,351.181881465292,2502494.5,1,0,0
"6363",6363,0,1,248.912,351.216064002078,350461.375,1,0,0
"6368",6368,0,1,476.8,353.088357504614,23969738,1,0,0
"6418",6418,0,1,491.004,353.088383266812,5268970,1,0,0
"6468",6468,0,1,684.612,353.109527485074,1190142,1,0,0
"6472",6472,0,1,248.912,353.140099421852,2046962.25,1,0,0
"6482",6482,0,1,474.263,353.147228650387,1365042.375,1,0,0
"6531",6531,0,1,230.334,353.197553040297,404797.4375,1,0,0
"6537",6537,0,1,449.003,354.091778020728,757198.0625,1,0,0
"6545",6545,0,1,218.865,355.249642335385,1742879.625,1,0,0
"6549",6549,0,1,417.42,356.099358785418,1473568,1,0,0
"6556",6556,0,1,651.899,357.000036524527,769970.1875,1,0,0
"6559",6559,0,1,624.186,357.104468466018,1887926.875,1,0,0
"6563",6563,0,1,409.708,357.119771015795,14830600,1,0,0
"6567",6567,0,1,397.955,357.119797012419,438256.625,1,0,0
"6571",6571,0,1,296.515,357.214924104226,514147.3125,1,0,0
"6577",6577,0,1,552.908,359.120209373093,1071561.625,1,0,0
"6582",6582,0,1,211.401,359.187006652912,2341734.5,1,0,0
"6591",6591,0,1,211.401,360.190263090637,619925.25,1,0,0
"6596",6596,0,1,220.104,361.166450027487,1066686.5,1,0,0
"6685",6685,0,1,207.694,361.202600198136,202516816,1,0,0
"6750",6750,0,1,298.997,361.22376434121,797850.4375,1,0,0
"6755",6755,0,1,612.77,363.151317928544,417491.59375,1,0,0
"6759",6759,0,1,211.401,363.181961377963,18823570,1,0,0
"6807",6807,0,1,207.694,363.208648996759,5858482,1,0,0
"6855",6855,0,1,207.694,363.218727597176,592721.1875,1,0,0
"6903",6903,0,1,211.401,364.185337312294,4219065,1,0,0
"6910",6910,0,1,230.334,364.185367602529,1443162.125,1,0,0
"6917",6917,0,1,208.93,364.211008425694,739376.6875,1,0,0
"6934",6934,0,1,537.9,365.033686593692,365958.9375,1,0,0
"6938",6938,0,1,503.771,365.135918956518,1262728.125,1,0,0
"6943",6943,0,1,210.166,365.197422809614,6635206.5,1,0,0
"6995",6995,0,1,577.887,366.994617303659,668872.25,1,0,0
"6999",6999,0,1,377.922,367.103921981703,788129.1875,1,0,0
"7008",7008,0,1,362.586,367.103974058375,1175317.875,1,0,0
"7017",7017,0,1,247.671,367.189611741415,789156.875,1,0,0
"7022",7022,0,1,515.411,369.140746826349,19621796,1,0,0
"7047",7047,0,1,300.24,371.098941619619,1484525.875,1,0,0
"7059",7059,0,1,409.708,371.098964056982,2528955.25,1,0,0
"7065",7065,0,1,250.154,371.114037562788,349610.40625,1,0,0
"7069",7069,0,1,550.338,371.120039839487,2207113.5,1,0,0
"7074",7074,0,1,298.997,371.135170512446,286822.375,1,0,0
"7086",7086,0,1,407.053,371.135288611732,538960.6875,1,0,0
"7092",7092,0,1,224.003,371.244460651077,1342705.375,1,0,0
"7097",7097,0,1,455.245,372.094179737946,350298.59375,1,0,0
"7101",7101,0,1,493.658,372.1053718362,667568.6875,1,0,0
"7103",7103,0,1,295.09,372.157043457031,4791033,1,0,0
"7109",7109,0,1,609.03,374.122646612029,881548.0625,1,0,0
"7112",7112,0,1,217.627,375.181897166934,1190487,1,0,0
"7123",7123,0,1,207.694,375.218022569858,1586067.125,1,0,0
"7134",7134,0,1,591.604,376.101960433842,583384.125,1,0,0
"7139",7139,0,1,210.166,377.197436348507,33283376,1,0,0
"7212",7212,0,1,222.763,377.197460805388,12266202,1,0,0
"7285",7285,0,1,208.93,379.158863356618,927717.375,1,0,0
"7314",7314,0,1,208.93,379.213298553737,8596152,1,0,0
"7343",7343,0,1,483.384,380.12187086373,697920.9375,1,0,0
"7348",7348,0,1,479.451,380.156783014921,4113593.75,1,0,0
"7353",7353,0,1,467.852,380.156859492551,4472854.5,1,0,0
"7358",7358,0,1,211.401,380.216500440513,2144900.5,1,0,0
"7371",7371,0,1,210.166,381.192510632913,678980.3125,1,0,0
"7377",7377,0,1,221.343,381.192576897374,954998.1875,1,0,0
"7383",7383,0,1,213.874,381.21869387855,364368.28125,1,0,0
"7389",7389,0,1,658.138,383.12009098176,4752095,1,0,0
"7407",7407,0,1,666.995,383.120091663559,5430755,1,0,0
"7425",7425,0,1,549.098,383.120153764968,1316736.25,1,0,0
"7429",7429,0,1,515.411,384.153062404939,702552.25,1,0,0
"7434",7434,0,1,300.24,385.114703170245,5214897,1,0,0
"7452",7452,0,1,409.708,385.114710912094,4216072.5,1,0,0
"7470",7470,0,1,239.734,385.166534467915,360001.0625,1,0,0
"7472",7472,0,1,297.757,387.225542316711,656136.5625,1,0,0
"7481",7481,0,1,496.146,390.116108771466,554382.6875,1,0,0
"7487",7487,0,1,462.728,391.1255318988,668083.8125,1,0,0
"7489",7489,0,1,221.343,391.177029940001,394438.21875,1,0,0
"7497",7497,0,1,296.515,391.209457007583,637756.875,1,0,0
"7503",7503,0,1,208.93,391.21332370745,2315544.75,1,0,0
"7514",7514,0,1,272.985,393.177226058994,298772.96875,1,0,0
"7519",7519,0,1,237.067,393.192619916646,1272718,1,0,0
"7526",7526,0,1,221.343,393.192630484046,2250068.25,1,0,0
"7533",7533,0,1,410.997,395.156368583713,3726767.25,1,0,0
"7547",7547,0,1,246.431,395.171501192042,668824.9375,1,0,0
"7552",7552,0,1,210.166,395.208013123344,885785.9375,1,0,0
"7578",7578,0,1,218.865,395.208116105235,1105115.25,1,0,0
"7604",7604,0,1,212.637,396.156910806896,600804.1875,1,0,0
"7612",7612,0,1,230.334,397.187390513491,1089849.875,1,0,0
"7616",7616,0,1,202.645,399.254569933675,437165.59375,1,0,0
"7619",7619,0,1,461.454,401.109467198565,993970,1,0,0
"7624",7624,0,1,282.056,401.241059080287,346037.90625,1,0,0
"7629",7629,0,1,467.852,403.136300467844,1044402.4375,1,0,0
"7632",7632,0,1,462.728,403.172534573796,329712.59375,1,0,0
"7635",7635,0,1,660.616,405.102009387394,845033.125,1,0,0
"7641",7641,0,1,237.067,409.187447190833,890802.625,1,0,0
"7645",7645,0,1,225.244,411.203169250658,1227165.75,1,0,0
"7655",7655,0,1,617.974,412.146587111585,781764.875,1,0,0
"7663",7663,0,1,684.612,413.130718220022,1259193.625,1,0,0
"7671",7671,0,1,514.174,413.167179954941,886102.9375,1,0,0
"7677",7677,0,1,248.912,413.182419320941,495477.71875,1,0,0
"7679",7679,0,1,614.007,415.146069524715,888544.8125,1,0,0
"7685",7685,0,1,203.882,415.249659565313,2989088,1,0,0
"7692",7692,0,1,561.65,418.147426620301,401565.03125,1,0,0
"7697",7697,0,1,663.275,421.066059799141,279383.375,1,0,0
"7699",7699,0,1,639.45,421.07613612329,360964.125,1,0,0
"7703",7703,0,1,274.231,421.152814218755,409765.84375,1,0,0
"7707",7707,0,1,469.088,421.183395363385,542767.1875,1,0,0
"7710",7710,0,1,475.499,421.183743088133,450957.3125,1,0,0
"7713",7713,0,1,658.138,425.130851492506,4816829,1,0,0
"7735",7735,0,1,669.473,425.130905181002,4957400.5,1,0,0
"7757",7757,0,1,659.377,426.134206246122,860410.875,1,0,0
"7760",7760,0,1,649.414,426.162396982266,563733.4375,1,0,0
"7763",7763,0,1,242.371,427.197965017211,828355.25,1,0,0
"7768",7768,0,1,605.322,428.109662334548,1042615.875,1,0,0
"7772",7772,0,1,619.215,428.141319463352,688821,1,0,0
"7776",7776,0,1,202.645,429.265215717546,1244844.5,1,0,0
"7781",7781,0,1,462.728,430.136093775206,1381631.625,1,0,0
"7783",7783,0,1,208.93,431.244497972106,746781.625,1,0,0
"7787",7787,0,1,514.174,432.136446589853,2711123.75,1,0,0
"7789",7789,0,1,697.208,434.135928660851,583002,1,0,0
"7791",7791,0,1,689.63,434.135933300785,959992.375,1,0,0
"7793",7793,0,1,689.63,434.637421591153,346765.53125,1,0,0
"7795",7795,0,1,604.085,436.159582265117,709192.5,1,0,0
"7801",7801,0,1,656.861,439.086464796518,3892693.75,1,0,0
"7804",7804,0,1,539.138,440.178015196773,1297615.25,1,0,0
"7812",7812,0,1,585.35,442.157371140124,424542,1,0,0
"7817",7817,0,1,666.995,443.141320923256,2804775,1,0,0
"7837",7837,0,1,202.645,443.281046458648,383360.0625,1,0,0
"7841",7841,0,1,638.208,445.120661961082,434160,1,0,0
"7844",7844,0,1,439.028,447.093967108316,1455159.875,1,0,0
"7852",7852,0,1,205.118,447.221764267762,794969.6875,1,0,0
"7855",7855,0,1,218.865,447.239361327549,364086.8125,1,0,0
"7862",7862,0,1,208.93,447.239495082887,453461.84375,1,0,0
"7869",7869,0,1,564.178,452.141751949833,3765854,1,0,0
"7893",7893,0,1,509.044,454.193891173102,2180703.25,1,0,0
"7903",7903,0,1,612.77,455.152409230977,482213.8125,1,0,0
"7906",7906,0,1,207.694,461.158914053736,479920,1,0,0
"7912",7912,0,1,215.112,461.255239943396,291857.4375,1,0,0
"7918",7918,0,1,512.938,463.089092364887,1436757.875,1,0,0
"7925",7925,0,1,218.865,465.249787338587,369356.375,1,0,0
"7928",7928,0,1,523.013,467.14130268327,603883,1,0,0
"7935",7935,0,1,649.414,473.151678443772,424907.15625,1,0,0
"7939",7939,0,1,636.931,473.164751133361,843978.125,1,0,0
"7950",7950,0,1,208.93,473.21877572546,1460941.625,1,0,0
"7956",7956,0,1,643.172,475.1311215365,974338.375,1,0,0
"7962",7962,0,1,421.192,477.104572033969,926867.1875,1,0,0
"7971",7971,0,1,597.852,478.168529715054,488041.3125,1,0,0
"7975",7975,0,1,665.754,485.151980061699,528597.125,1,0,0
"7980",7980,0,1,207.694,487.234505640971,1691407.125,1,0,0
"7987",7987,0,1,491.004,488.178103655817,1234302.375,1,0,0
"7992",7992,0,1,689.63,494.157466611777,1845362.75,1,0,0
"8008",8008,0,1,689.63,494.65908952769,785359.5,1,0,0
"8013",8013,0,1,574.178,499.167556346374,941621.1875,1,0,0
"8017",8017,0,1,659.377,503.162496949752,34351376,1,0,0
"8054",8054,0,1,669.473,503.162559293981,35197412,1,0,0
"8091",8091,0,1,569.159,504.173392769575,556735.375,1,0,0
"8098",8098,0,1,409.708,515.120248865887,2373630.5,1,0,0
"8107",8107,0,1,423.857,515.120415054891,809931.4375,1,0,0
"8116",8116,0,1,697.208,515.162506889055,499493.3125,1,0,0
"8118",8118,0,1,690.876,515.162542952751,504204.53125,1,0,0
"8120",8120,0,1,498.624,522.195234141767,479327.75,1,0,0
"8124",8124,0,1,262.279,538.257013680779,793599.9375,1,0,0
"8134",8134,0,1,669.473,539.139575852256,660279.625,1,0,0
"8138",8138,0,1,658.138,539.139802550688,370091.40625,1,0,0
"8142",8142,0,1,678.357,545.17317777484,835199.1875,1,0,0
"8148",8148,0,1,659.377,549.168404894303,455267.3125,1,0,0
"8152",8152,0,1,670.713,549.168544224518,433245.0625,1,0,0
"8156",8156,0,1,638.208,556.165994140907,1457470.25,1,0,0
"8161",8161,0,1,692.125,575.184212432832,2704928.25,1,0,0
"8180",8180,0,1,537.9,581.18499023509,689787,1,0,0
"8184",8184,0,1,678.357,587.184283040839,574537.875,1,0,0
"8191",8191,0,1,474.263,593.152225873575,322970.5,1,0,0
"8197",8197,0,1,659.377,601.140061869092,14099808,1,0,0
"8229",8229,0,1,669.473,605.195022452339,293555.15625,1,0,0
"8237",8237,0,1,679.599,605.195161852305,566117.5625,1,0,0
"8245",8245,0,1,532.951,609.147602068149,2162242.75,1,0,0
"8254",8254,0,1,586.602,614.195261426334,416494.65625,1,0,0
"8263",8263,0,1,456.502,623.163396916547,641716.9375,1,0,0
"8272",8272,0,1,697.208,656.2111971309,1742180.5,1,0,0
"8288",8288,0,1,678.357,665.215738923739,32750300,1,0,0
"8336",8336,0,1,678.357,687.198914214398,507586.75,1,0,0
"8343",8343,0,1,699.707,705.195047761779,540579.6875,1,0,0
"8347",8347,0,1,699.707,737.238012970087,2539564.75,1,0,0
"8370",8370,0,1,700.955,737.739737597173,1471962.125,1,0,0
"8377",8377,0,1,654.38,763.193483262177,696588.0625,1,0,0
"8389",8389,0,1,671.952,763.193632899133,2117943.5,1,0,0
"8401",8401,0,1,700.955,786.222054176987,1373543.25,1,0,0
"8407",8407,0,1,695.958,818.264743440446,1579328.625,1,0,0
"8435",8435,0,1,704.752,818.264792683974,2704468.25,1,0,0
"8463",8463,0,1,704.752,818.766512823221,1475639.125,1,0,0
"8470",8470,0,1,685.898,827.269968872525,7524518,1,0,0
"8511",8511,0,1,658.138,845.280607797221,905585.25,1,0,0
"8528",8528,0,1,700.955,867.248762268489,724860.75,1,0,0
"8535",8535,0,1,708.551,899.291628320865,2177441.5,1,0,0
"8557",8557,0,1,709.809,980.318326166701,2095521.875,1,0,0
"8577",8577,0,1,709.809,980.819898292068,1789663.5,1,0,0
"8595",8595,0,1,688.386,989.323468439835,3213580.75,1,0,0
"8631",8631,0,1,659.377,1007.33392149331,2989932,1,0,0
"8660",8660,0,1,669.473,1007.33394450816,3318851.5,1,0,0
