,peakID,MSnParentPeakID,msLevel,rt,mz,intensity,Sample,GroupPeakMSn,CollisionEnergy
1,1,0,1,578.503,70.0651651321,16431632.0,1,0,0
4,4,0,1,652.517,70.065190596,602081.6875,1,0,0
6,6,0,1,566.043,72.0807993876,1067314.75,1,0,0
11,11,0,1,1210.11,72.0808183493,1025769.125,1,0,0
14,14,0,1,468.47,73.0647880231,925079.4375,1,0,0
17,17,0,1,656.24,76.0393161822,1047793.6875,1,0,0
20,20,0,1,1027.66,76.0756988501,1636355.75,1,0,0
26,26,0,1,562.308,81.0335144645,766053.0,1,0,0
29,29,0,1,632.557,83.0602445276,705789.625,1,0,0
33,33,0,1,486.476,84.0443749596,2827970.75,1,0,0
37,37,0,1,566.043,84.080711141,978819.375,1,0,0
40,40,0,1,667.614,85.0283720521,3757659.5,1,0,0
42,42,0,1,603.462,85.0283772743,1687362.875,1,0,0
45,45,0,1,465.819,85.0283813659,2102897.0,1,0,0
52,52,0,1,415.512,86.0599619264,1211292.75,1,0,0
55,55,0,1,646.272,86.0600076184,8953359.0,1,0,0
59,59,0,1,1005.22,86.0600237507,1433368.625,1,0,0
61,61,0,1,1018.27,86.0600258752,532986.625,1,0,0
63,63,0,1,603.462,86.0961030608,569424.0,1,0,0
65,65,0,1,609.647,86.0961288876,551113.25,1,0,0
67,67,0,1,280.189,86.0963748955,1282799.125,1,0,0
72,72,0,1,519.739,86.0964166133,2307827.75,1,0,0
76,76,0,1,646.272,87.0440553511,12338473.0,1,0,0
79,79,0,1,636.289,87.0552762407,735020.5,1,0,0
82,82,0,1,434.59,89.0596783774,787915.5625,1,0,0
89,89,0,1,908.712,89.0709238988,1793272.5,1,0,0
98,98,0,1,645.032,90.0549410571,2888840.5,1,0,0
102,102,0,1,433.349,90.0549725605,695324.875,1,0,0
104,104,0,1,631.311,90.0549727486,6755740.0,1,0,0
108,108,0,1,804.705,90.0913641833,2163393.0,1,0,0
127,127,0,1,402.687,96.0443678393,1281763.5,1,0,0
130,130,0,1,389.139,96.0443805332,1998793.875,1,0,0
133,133,0,1,667.614,97.028419709,5013418.0,1,0,0
144,144,0,1,382.583,98.0600509168,1188735.25,1,0,0
152,152,0,1,371.973,98.0600603614,1189845.0,1,0,0
157,157,0,1,603.462,98.9839778261,961194.125,1,0,0
163,163,0,1,542.28,98.9841526537,709943.625,1,0,0
168,168,0,1,554.77,98.9841676969,1279995.125,1,0,0
178,178,0,1,444.648,99.0440545306,588544.0625,1,0,0
181,181,0,1,587.22,99.0440740542,1300673.5,1,0,0
189,189,0,1,444.648,102.054967771,4110953.5,1,0,0
195,195,0,1,1002.67,103.08658557,3137810.25,1,0,0
199,199,0,1,415.512,104.070516405,18100776.0,1,0,0
208,208,0,1,646.272,104.070545072,118432208.0,1,0,0
214,214,0,1,933.275,104.106854503,1231442304.0,1,0,0
225,225,0,1,603.462,104.106894967,4361059.5,1,0,0
231,231,0,1,240.354,105.069637137,745889.5625,1,0,0
239,239,0,1,933.275,105.103995143,5746207.5,1,0,0
252,252,0,1,933.275,105.11023855,82191512.0,1,0,0
265,265,0,1,932.013,105.113095164,3130095.25,1,0,0
286,286,0,1,934.537,106.111135121,3630380.0,1,0,0
292,292,0,1,933.275,106.113431023,1912058.25,1,0,0
298,298,0,1,420.52,108.044321906,34856424.0,1,0,0
302,302,0,1,402.687,108.044373405,986085.25,1,0,0
306,306,0,1,667.614,109.028429319,1310000.25,1,0,0
311,311,0,1,460.835,109.028441688,1104494.375,1,0,0
315,315,0,1,383.824,110.060077309,6807544.0,1,0,0
324,324,0,1,621.074,110.071291657,5439790.5,1,0,0
330,330,0,1,481.308,111.044031796,707980.25,1,0,0
337,337,0,1,613.388,111.044051004,1971353.0,1,0,0
347,347,0,1,386.308,111.044064478,3665099.75,1,0,0
355,355,0,1,371.973,111.044064743,2400433.25,1,0,0
363,363,0,1,589.7,111.044078609,3321929.75,1,0,0
373,373,0,1,509.663,111.055291179,1379887.5,1,0,0
388,388,0,1,228.468,111.116812388,2909939.75,1,0,0
390,390,0,1,473.645,112.050523012,4519468.5,1,0,0
396,396,0,1,560.987,112.050564033,13179168.0,1,0,0
405,405,0,1,550.958,112.050568008,19761036.0,1,0,0
414,414,0,1,642.551,112.086868689,2005735.625,1,0,0
418,418,0,1,442.166,113.034524867,3664498.75,1,0,0
428,428,0,1,499.241,113.034564025,5409486.0,1,0,0
432,432,0,1,550.958,113.053886465,823270.6875,1,0,0
439,439,0,1,560.987,113.053895153,643787.25,1,0,0
446,446,0,1,453.384,113.05973676,2381363.75,1,0,0
462,462,0,1,653.758,113.070938645,638811.1875,1,0,0
465,465,0,1,453.384,113.070944265,25932626.0,1,0,0
481,481,0,1,460.835,114.037949244,577217.6875,1,0,0
488,488,0,1,419.279,114.054944406,2791614.25,1,0,0
506,506,0,1,567.288,114.055007314,5146769.0,1,0,0
514,514,0,1,504.39,114.05501045,573116.75,1,0,0
523,523,0,1,453.384,114.074347114,1506068.625,1,0,0
535,535,0,1,919.082,114.091322352,2463983.5,1,0,0
550,550,0,1,874.873,115.086618163,3567727.25,1,0,0
553,553,0,1,538.516,115.08676216,2304780.5,1,0,0
557,557,0,1,636.289,116.03417096,670937.0625,1,0,0
573,573,0,1,577.268,116.070544379,2079356160.0,1,0,0
584,584,0,1,874.873,116.070597914,13671213.0,1,0,0
589,589,0,1,433.349,116.070610915,5769414.0,1,0,0
595,595,0,1,265.577,117.018234849,654318.9375,1,0,0
599,599,0,1,410.326,117.054540317,2952970.0,1,0,0
603,603,0,1,588.459,117.054555416,2834420.25,1,0,0
613,613,0,1,577.268,117.067568633,8147880.0,1,0,0
622,622,0,1,577.268,117.073830808,117956944.0,1,0,0
638,638,0,1,364.448,117.090992922,1080203.875,1,0,0
640,640,0,1,278.946,117.091004875,2882627.5,1,0,0
644,644,0,1,377.302,117.091024291,1025745.8125,1,0,0
646,646,0,1,917.816,117.102197855,1111373.125,1,0,0
649,649,0,1,478.834,118.049853813,915869.4375,1,0,0
659,659,0,1,577.268,118.074708438,9219364.0,1,0,0
671,671,0,1,578.503,118.07712739,3339578.0,1,0,0
683,683,0,1,531.059,118.086198722,1698129920.0,1,0,0
694,694,0,1,365.689,118.086248369,3415746.5,1,0,0
699,699,0,1,378.542,118.086260958,3440428.75,1,0,0
704,704,0,1,236.287,119.04907593,978863.6875,1,0,0
707,707,0,1,531.059,119.08339566,7014034.5,1,0,0
720,720,0,1,531.059,119.089581496,90325936.0,1,0,0
733,733,0,1,336.679,120.047792877,736168.9375,1,0,0
737,737,0,1,278.946,120.04779697,6915450.0,1,0,0
743,743,0,1,633.804,120.065513905,5077896.0,1,0,0
746,746,0,1,455.865,120.065574651,813155.6875,1,0,0
756,756,0,1,500.483,120.080807682,3172405.0,1,0,0
762,762,0,1,529.821,120.090448595,7424051.0,1,0,0
769,769,0,1,531.059,120.092934042,2205443.0,1,0,0
784,784,0,1,199.485,121.064780587,4408663.5,1,0,0
792,792,0,1,699.082,121.064783874,3447124.25,1,0,0
799,799,0,1,260.221,121.064790126,5128256.0,1,0,0
809,809,0,1,459.598,121.06481725,3942153.75,1,0,0
818,818,0,1,448.381,121.06483761,2570730.25,1,0,0
827,827,0,1,956.847,121.071991502,1353168.0,1,0,0
829,829,0,1,917.816,121.071995683,1363144.5,1,0,0
831,831,0,1,973.873,121.072000647,1591689.625,1,0,0
839,839,0,1,281.432,122.096403543,612063.5625,1,0,0
845,845,0,1,418.038,123.04735618,2307002.5,1,0,0
854,854,0,1,411.615,123.05520769,11639933.0,1,0,0
876,876,0,1,413.033,124.039272444,12376713.0,1,0,0
884,884,0,1,593.501,124.039323456,1712131.625,1,0,0
888,888,0,1,401.069,124.039344637,6944196.0,1,0,0
896,896,0,1,387.897,124.039363321,9968454.0,1,0,0
904,904,0,1,583.488,124.039364277,1910741.0,1,0,0
908,908,0,1,402.687,124.05868496,756052.1875,1,0,0
923,923,0,1,409.09,124.086897104,815545.625,1,0,0
929,929,0,1,609.647,124.999499297,1414590.125,1,0,0
937,937,0,1,427.098,125.07099219,862747.6875,1,0,0
951,951,0,1,420.52,126.054887967,159081920.0,1,0,0
963,963,0,1,478.834,126.066215078,24917608.0,1,0,0
998,998,0,1,553.527,127.015489348,2341086.75,1,0,0
1005,1005,0,1,542.28,127.015567146,603563.3125,1,0,0
1012,1012,0,1,602.224,127.038912598,2482716.25,1,0,0
1016,1016,0,1,667.614,127.038946542,5368997.0,1,0,0
1025,1025,0,1,368.171,127.038956331,930323.25,1,0,0
1035,1035,0,1,379.781,127.038967067,1015541.1875,1,0,0
1045,1045,0,1,514.793,127.038979122,774287.875,1,0,0
1056,1056,0,1,467.234,127.038996623,2580205.25,1,0,0
1065,1065,0,1,410.326,127.050118566,40250532.0,1,0,0
1081,1081,0,1,519.739,127.050188471,8012240.5,1,0,0
1090,1090,0,1,420.52,127.058215796,10634828.0,1,0,0
1122,1122,0,1,512.32,127.069507965,903590.0625,1,0,0
1133,1133,0,1,407.855,127.086558685,911920.5625,1,0,0
1159,1159,0,1,411.615,128.053448263,2208092.75,1,0,0
1177,1177,0,1,418.038,128.070490366,2934589.0,1,0,0
1195,1195,0,1,661.235,128.070538903,984962.625,1,0,0
1202,1202,0,1,402.687,128.070568695,691384.4375,1,0,0
1220,1220,0,1,563.553,128.070662572,2195675.5,1,0,0
1223,1223,0,1,643.79,128.081757842,985787.1875,1,0,0
1227,1227,0,1,410.326,128.106887491,684077.75,1,0,0
1236,1236,0,1,613.388,129.054577379,5021718.0,1,0,0
1256,1256,0,1,631.311,129.065802218,119359424.0,1,0,0
1266,1266,0,1,489.128,129.065965597,1042811.9375,1,0,0
1274,1274,0,1,627.569,129.102125613,766099.0,1,0,0
1292,1292,0,1,630.064,130.049867606,8683524.0,1,0,0
1307,1307,0,1,484.002,130.049894053,247324512.0,1,0,0
1327,1327,0,1,630.064,130.062931257,983075.125,1,0,0
1342,1342,0,1,631.311,130.069216524,6914719.0,1,0,0
1357,1357,0,1,566.043,130.08626568,152407184.0,1,0,0
1369,1369,0,1,618.594,130.086285865,2535633.75,1,0,0
1384,1384,0,1,371.973,130.086297577,6383970.0,1,0,0
1393,1393,0,1,642.551,130.097463074,13754282.0,1,0,0
1403,1403,0,1,661.235,130.097466613,9581816.0,1,0,0
1413,1413,0,1,653.758,130.097559243,12145713.0,1,0,0
1447,1447,0,1,267.192,130.122668699,527831.5,1,0,0
1458,1458,0,1,617.355,131.033883476,1089441.875,1,0,0
1469,1469,0,1,484.002,131.047030097,798034.8125,1,0,0
1479,1479,0,1,484.002,131.053232769,13215777.0,1,0,0
1500,1500,0,1,453.384,131.070331583,5545167.5,1,0,0
1515,1515,0,1,433.349,131.081541561,1243712.625,1,0,0
1528,1528,0,1,567.288,131.089572695,10314822.0,1,0,0
1551,1551,0,1,648.791,131.100862191,861120.25,1,0,0
1562,1562,0,1,920.348,131.117861461,18450726.0,1,0,0
1574,1574,0,1,630.064,131.129118028,6165073.0,1,0,0
1594,1594,0,1,484.002,132.054145176,1776054.25,1,0,0
1614,1614,0,1,567.288,132.065460535,18472026.0,1,0,0
1634,1634,0,1,619.834,132.065526022,9824357.0,1,0,0
1640,1640,0,1,433.349,132.065537511,3752215.75,1,0,0
1656,1656,0,1,628.816,132.076757992,884834.8125,1,0,0
1677,1677,0,1,567.288,132.090412881,621744.5,1,0,0
1697,1697,0,1,519.739,132.101911929,28418200.0,1,0,0
1708,1708,0,1,533.567,132.101977216,6341282.5,1,0,0
1719,1719,0,1,1063.38,132.11312499,1481020.125,1,0,0
1724,1724,0,1,543.521,132.113231297,1715688.125,1,0,0
1731,1731,0,1,920.348,132.121209224,1176834.25,1,0,0
1748,1748,0,1,889.3,132.132479869,524139.5,1,0,0
1764,1764,0,1,636.289,133.060728841,25519770.0,1,0,0
1768,1768,0,1,567.288,133.068795882,1052361.125,1,0,0
1782,1782,0,1,874.873,133.09711928,31991762.0,1,0,0
1790,1790,0,1,742.984,133.097138583,567264.5625,1,0,0
1793,1793,0,1,448.381,133.097190977,6942230.5,1,0,0
1798,1798,0,1,614.625,134.044727293,1106318.875,1,0,0
1801,1801,0,1,636.289,134.06404358,991313.0,1,0,0
1810,1810,0,1,661.235,134.081088817,2635294.25,1,0,0
1814,1814,0,1,605.939,134.081101274,587644.375,1,0,0
1820,1820,0,1,589.7,134.0811603,2683105.0,1,0,0
1826,1826,0,1,874.873,134.10046078,1743544.0,1,0,0
1830,1830,0,1,588.459,135.065172472,7459593.5,1,0,0
1838,1838,0,1,344.381,135.101546488,1544448.625,1,0,0
1847,1847,0,1,495.514,136.061800804,599815168.0,1,0,0
1882,1882,0,1,482.766,137.045780287,55394200.0,1,0,0
1895,1895,0,1,437.165,137.045806666,6288425.5,1,0,0
1903,1903,0,1,495.514,137.058867218,11245427.0,1,0,0
1923,1923,0,1,398.577,137.059734305,1925210.375,1,0,0
1927,1927,0,1,371.973,137.059738781,1317323.375,1,0,0
1931,1931,0,1,386.308,137.059741025,2832561.25,1,0,0
1935,1935,0,1,495.514,137.065110282,32562818.0,1,0,0
1973,1973,0,1,484.002,138.042956434,742633.4375,1,0,0
1990,1990,0,1,482.766,138.049151451,3015889.5,1,0,0
2007,2007,0,1,578.503,138.052557674,20002934.0,1,0,0
2010,2010,0,1,545.999,138.05499755,456857600.0,1,0,0
2052,2052,0,1,496.763,138.068337261,635297.875,1,0,0
2061,2061,0,1,459.598,138.09137317,2871748.25,1,0,0
2074,2074,0,1,504.39,139.050177218,717885.875,1,0,0
2081,2081,0,1,578.503,139.055892376,1166527.75,1,0,0
2085,2085,0,1,545.999,139.058328753,34128796.0,1,0,0
2112,2112,0,1,531.059,140.068127473,5671602.5,1,0,0
2115,2115,0,1,523.629,140.068159093,4780116.0,1,0,0
2118,2118,0,1,409.09,140.07052319,3114038.0,1,0,0
2125,2125,0,1,518.503,140.070635549,635769.875,1,0,0
2130,2130,0,1,460.835,141.054613498,3393543.5,1,0,0
2138,2138,0,1,445.89,141.065855009,936020.75,1,0,0
2145,2145,0,1,598.469,142.04983038,753674.5,1,0,0
2148,2148,0,1,437.165,142.049928914,563062.625,1,0,0
2153,2153,0,1,447.139,142.049930165,958485.5625,1,0,0
2163,2163,0,1,877.634,142.09752135,1354715.625,1,0,0
2168,2168,0,1,501.725,143.081555743,7783711.0,1,0,0
2176,2176,0,1,583.488,143.081565216,6803019.0,1,0,0
2178,2178,0,1,504.39,144.065513761,896229.75,1,0,0
2191,2191,0,1,299.618,144.065517683,570561.8125,1,0,0
2199,2199,0,1,559.742,144.065572532,1456933.625,1,0,0
2208,2208,0,1,452.144,144.065578657,4565687.0,1,0,0
2237,2237,0,1,374.457,144.080807038,1283165.0,1,0,0
2254,2254,0,1,252.385,144.080823009,894901.6875,1,0,0
2259,2259,0,1,501.725,144.085001708,531270.6875,1,0,0
2266,2266,0,1,516.03,144.101911399,10032534.0,1,0,0
2279,2279,0,1,631.311,144.101920237,620164.9375,1,0,0
2285,2285,0,1,336.679,144.101944436,1512001.5,1,0,0
2309,2309,0,1,556.011,145.04710557,2896769.75,1,0,0
2314,2314,0,1,602.224,145.04949682,4455840.5,1,0,0
2322,2322,0,1,667.614,145.049506824,6715682.0,1,0,0
2336,2336,0,1,393.235,145.049554676,3379990.75,1,0,0
2346,2346,0,1,478.834,145.049556036,2939408.0,1,0,0
2355,2355,0,1,467.234,145.049560527,7991423.5,1,0,0
2376,2376,0,1,419.279,145.097107112,1305652.375,1,0,0
2387,2387,0,1,516.03,145.10529653,776994.6875,1,0,0
2394,2394,0,1,908.712,145.133540069,880449.3125,1,0,0
2431,2431,0,1,410.326,146.05994725,3048447.25,1,0,0
2444,2444,0,1,661.235,146.081084739,17175450.0,1,0,0
2473,2473,0,1,472.407,146.081159866,6947634.0,1,0,0
2488,2488,0,1,283.921,146.081163564,3485224.0,1,0,0
2498,2498,0,1,562.308,146.081174522,614663.625,1,0,0
2503,2503,0,1,544.761,146.081247965,807753.0625,1,0,0
2508,2508,0,1,643.79,146.092290518,225382736.0,1,0,0
2523,2523,0,1,567.288,146.117503788,813167.25,1,0,0
2534,2534,0,1,776.026,146.117528125,27750932.0,1,0,0
2545,2545,0,1,274.851,146.117537008,35201888.0,1,0,0
2558,2558,0,1,365.689,146.117561274,9458361.0,1,0,0
2572,2572,0,1,375.698,146.117562068,5293531.0,1,0,0
2586,2586,0,1,326.287,146.117570863,6182547.5,1,0,0
2596,2596,0,1,486.476,146.117594553,2905289.5,1,0,0
2606,2606,0,1,640.068,146.13899411,697136.75,1,0,0
2639,2639,0,1,613.388,147.065142024,5124866.0,1,0,0
2650,2650,0,1,538.516,147.065195269,1184864.875,1,0,0
2656,2656,0,1,486.476,147.065256032,1280027.0,1,0,0
2664,2664,0,1,410.326,147.065333207,706641.875,1,0,0
2675,2675,0,1,419.279,147.076313867,1287489.875,1,0,0
2686,2686,0,1,628.816,147.076372363,28795256.0,1,0,0
2716,2716,0,1,643.79,147.089344919,2891153.0,1,0,0
2730,2730,0,1,643.79,147.095619222,12433920.0,1,0,0
2744,2744,0,1,933.275,147.112685811,1298433.75,1,0,0
2746,2746,0,1,777.475,147.120899907,1939754.125,1,0,0
2759,2759,0,1,438.406,148.039288563,541372.625,1,0,0
2770,2770,0,1,598.469,148.060342097,6657020.0,1,0,0
2776,2776,0,1,499.241,148.060359488,1883389.375,1,0,0
2779,2779,0,1,490.365,148.060417881,1672377.625,1,0,0
2782,2782,0,1,508.423,148.096758901,724449.9375,1,0,0
2790,2790,0,1,397.333,148.096768649,819289.6875,1,0,0
2796,2796,0,1,437.165,148.096770222,867189.625,1,0,0
2802,2802,0,1,558.499,148.096783201,767290.8125,1,0,0
2807,2807,0,1,239.111,149.023321785,2130007.75,1,0,0
2816,2816,0,1,420.52,149.070903618,9784940.0,1,0,0
2846,2846,0,1,248.292,149.132503035,609598.1875,1,0,0
2860,2860,0,1,539.755,150.058397675,5108756.0,1,0,0
2869,2869,0,1,437.165,150.077447046,15326802.0,1,0,0
2886,2886,0,1,554.77,150.077509845,6036490.5,1,0,0
2898,2898,0,1,370.655,150.091379369,559827.625,1,0,0
2903,2903,0,1,453.384,150.091406665,12314111.0,1,0,0
2914,2914,0,1,433.349,151.061448088,620671.4375,1,0,0
2936,2936,0,1,437.165,151.080769333,1011768.6875,1,0,0
2954,2954,0,1,484.002,152.031828089,8178121.0,1,0,0
2963,2963,0,1,389.139,152.037600947,799698.625,1,0,0
2978,2978,0,1,588.459,152.056689815,165917856.0,1,0,0
2997,2997,0,1,538.516,152.056775997,3810330.75,1,0,0
3006,3006,0,1,566.043,152.068117838,631181.125,1,0,0
3011,3011,0,1,410.326,152.070514683,2492127.75,1,0,0
3029,3029,0,1,491.622,152.070542876,718383.0,1,0,0
3045,3045,0,1,198.223,152.106954464,21988480.0,1,0,0
3062,3062,0,1,260.221,152.106978121,25753016.0,1,0,0
3095,3095,0,1,395.725,152.128128151,625827.0625,1,0,0
3112,3112,0,1,588.459,153.053736421,3083145.0,1,0,0
3130,3130,0,1,588.459,153.060031278,8850045.0,1,0,0
3155,3155,0,1,425.72,153.065844847,998188.8125,1,0,0
3161,3161,0,1,433.349,153.065847604,948609.125,1,0,0
3167,3167,0,1,587.22,153.075735263,21324176.0,1,0,0
3192,3192,0,1,294.469,153.127359622,615340.5,1,0,0
3212,3212,0,1,416.798,154.097355053,2377199.0,1,0,0
3222,3222,0,1,520.976,155.010362485,2828702.25,1,0,0
3226,3226,0,1,636.289,155.042624547,3013847.5,1,0,0
3228,3228,0,1,490.365,155.045015351,571738.6875,1,0,0
3231,3231,0,1,501.725,155.045062324,851736.0,1,0,0
3234,3234,0,1,371.973,155.070228754,635271.3125,1,0,0
3242,3242,0,1,386.308,155.070250602,1530861.625,1,0,0
3250,3250,0,1,410.326,155.08139095,1128394.625,1,0,0
3258,3258,0,1,245.649,155.106576795,582391.25,1,0,0
3275,3275,0,1,531.059,156.042089241,1131471.5,1,0,0
3280,3280,0,1,523.629,156.042134531,923947.1875,1,0,0
3285,3285,0,1,510.903,156.050492779,678712.8125,1,0,0
3290,3290,0,1,519.739,156.050538233,697700.5625,1,0,0
3295,3295,0,1,449.622,156.065506028,4158336.5,1,0,0
3303,3303,0,1,621.074,156.07676682,110043960.0,1,0,0
3316,3316,0,1,752.304,156.076791508,1299321.5,1,0,0
3329,3329,0,1,510.903,157.060757986,41611784.0,1,0,0
3343,3343,0,1,621.074,157.073835425,1278001.625,1,0,0
3358,3358,0,1,621.074,157.080101132,7317130.0,1,0,0
3373,3373,0,1,590.942,158.044810828,971966.125,1,0,0
3384,3384,0,1,427.098,158.081169096,2211410.5,1,0,0
3393,3393,0,1,281.432,158.081177694,15015682.0,1,0,0
3401,3401,0,1,326.287,158.081212508,2899555.0,1,0,0
3412,3412,0,1,336.679,158.081214285,2773685.25,1,0,0
3423,3423,0,1,588.459,158.092438263,4125850.5,1,0,0
3434,3434,0,1,409.09,158.11748559,1192105.875,1,0,0
3451,3451,0,1,494.275,158.11764684,1147102.375,1,0,0
3461,3461,0,1,196.765,158.128794358,928385.6875,1,0,0
3463,3463,0,1,510.903,159.02768124,3256996.25,1,0,0
3468,3468,0,1,636.289,159.051230356,2667640.5,1,0,0
3481,3481,0,1,240.354,159.065170856,7522104.0,1,0,0
3487,3487,0,1,599.71,159.076367229,3455806.75,1,0,0
3494,3494,0,1,653.758,159.076475833,12057903.0,1,0,0
3501,3501,0,1,489.128,159.076519297,1018316.9375,1,0,0
3514,3514,0,1,381.023,159.112811313,832962.6875,1,0,0
3518,3518,0,1,547.239,160.036961056,1509194.25,1,0,0
3538,3538,0,1,487.891,160.060437775,730264.5,1,0,0
3562,3562,0,1,569.777,160.096711754,560020.0,1,0,0
3570,3570,0,1,419.279,160.096763292,1112952.875,1,0,0
3575,3575,0,1,365.689,160.096820925,620165.25,1,0,0
3586,3586,0,1,500.483,160.096824044,2147728.5,1,0,0
3599,3599,0,1,486.476,160.096846577,1022245.625,1,0,0
3612,3612,0,1,552.287,160.096858624,5339210.5,1,0,0
3620,3620,0,1,585.967,160.108091763,2095970.75,1,0,0
3633,3633,0,1,540.996,160.108119926,2137267.25,1,0,0
3644,3644,0,1,264.331,160.133176973,5815443.5,1,0,0
3650,3650,0,1,465.819,160.133226086,19008424.0,1,0,0
3663,3663,0,1,385.068,161.092054607,810818.375,1,0,0
3668,3668,0,1,501.725,161.092091807,1565268.75,1,0,0
3677,3677,0,1,906.122,161.128429762,2299694.75,1,0,0
3723,3723,0,1,278.946,162.058308597,5840093.5,1,0,0
3728,3728,0,1,336.679,162.058311201,703019.375,1,0,0
3741,3741,0,1,519.739,162.076032055,1796600.625,1,0,0
3750,3750,0,1,727.567,162.076065497,10978041.0,1,0,0
3763,3763,0,1,719.563,162.076068631,11745798.0,1,0,0
3776,3776,0,1,455.865,162.076089978,4396076.0,1,0,0
3785,3785,0,1,562.308,162.076101283,2438345.75,1,0,0
3807,3807,0,1,383.824,162.091308671,4176343.5,1,0,0
3827,3827,0,1,344.381,162.091310834,4208449.5,1,0,0
3842,3842,0,1,330.215,162.09133797,4169072.5,1,0,0
3869,3869,0,1,569.777,162.112386133,2623233.0,1,0,0
3875,3875,0,1,582.248,162.112446714,7117894.0,1,0,0
3892,3892,0,1,476.118,163.038900797,2222395.25,1,0,0
3907,3907,0,1,490.365,163.039054709,823629.5,1,0,0
3933,3933,0,1,659.996,163.059852517,2685874.5,1,0,0
3944,3944,0,1,667.614,163.059895041,2890047.25,1,0,0
3955,3955,0,1,650.033,163.060009865,2153199.5,1,0,0
3966,3966,0,1,467.234,163.060068023,7313271.0,1,0,0
3982,3982,0,1,552.287,163.060088453,3422712.0,1,0,0
3989,3989,0,1,719.563,163.079409552,738826.875,1,0,0
4017,4017,0,1,582.248,163.115836489,641288.0625,1,0,0
4023,4023,0,1,260.221,163.132824979,4091603.0,1,0,0
4026,4026,0,1,491.622,164.034246705,1957741.875,1,0,0
4046,4046,0,1,675.233,164.073922994,1412806.0,1,0,0
4058,4058,0,1,659.996,164.091681272,1476642.375,1,0,0
4071,4071,0,1,568.532,164.091701278,657273.1875,1,0,0
4078,4078,0,1,481.308,164.091705594,666380.375,1,0,0
4088,4088,0,1,650.033,164.091782843,1090118.375,1,0,0
4101,4101,0,1,409.09,164.093033189,7690839.5,1,0,0
4111,4111,0,1,613.388,165.075756916,11474191.0,1,0,0
4115,4115,0,1,518.503,165.075761993,1295761.375,1,0,0
4119,4119,0,1,421.989,166.049832628,1384591.25,1,0,0
4141,4141,0,1,510.903,166.072326711,3128500.0,1,0,0
4166,4166,0,1,499.241,166.072397112,7916494.0,1,0,0
4191,4191,0,1,290.373,166.086263257,736566.625,1,0,0
4202,4202,0,1,377.302,166.086284006,880995.75,1,0,0
4209,4209,0,1,499.241,166.086297543,15979306.0,1,0,0
4241,4241,0,1,692.788,166.122601754,54906184.0,1,0,0
4258,4258,0,1,282.677,166.122645858,799479.0625,1,0,0
4269,4269,0,1,432.107,167.073620204,697482.0,1,0,0
4275,4275,0,1,559.742,167.091468129,934701.25,1,0,0
4282,4282,0,1,287.883,167.106630989,643866.8125,1,0,0
4297,4297,0,1,672.751,168.06548874,544004.375,1,0,0
4303,4303,0,1,474.881,168.065522376,915177.6875,1,0,0
4309,4309,0,1,427.098,168.065549453,818138.3125,1,0,0
4315,4315,0,1,559.742,168.086689465,3906225.25,1,0,0
4324,4324,0,1,374.457,168.101927157,1328166.0,1,0,0
4339,4339,0,1,472.407,168.113106626,604755.4375,1,0,0
4351,4351,0,1,1257.82,168.945995662,598759.375,1,0,0
4354,4354,0,1,630.064,169.058315123,1060058.5,1,0,0
4359,4359,0,1,398.577,169.097132757,1146616.0,1,0,0
4366,4366,0,1,386.308,169.097153691,1571624.625,1,0,0
4373,4373,0,1,276.096,169.122283891,641251.0,1,0,0
4387,4387,0,1,433.349,170.081135687,38320380.0,1,0,0
4406,4406,0,1,558.499,170.092377926,3766961.75,1,0,0
4412,4412,0,1,588.459,170.102294026,3557995.25,1,0,0
4420,4420,0,1,617.355,171.026309456,1886304.0,1,0,0
4424,4424,0,1,453.384,171.062654298,661893.625,1,0,0
4438,4438,0,1,439.647,171.065219914,1699188.875,1,0,0
4464,4464,0,1,484.002,171.076442717,1368388.75,1,0,0
4476,4476,0,1,433.349,171.084469814,3377010.75,1,0,0
4502,4502,0,1,343.136,171.112778196,865779.875,1,0,0
4507,4507,0,1,486.476,171.112792142,1321297.625,1,0,0
4530,4530,0,1,487.891,172.060443931,1017451.75,1,0,0
4545,4545,0,1,458.36,172.096784411,2176120.5,1,0,0
4555,4555,0,1,448.381,172.096819112,1618689.25,1,0,0
4565,4565,0,1,604.701,173.020902544,1287516.875,1,0,0
4572,4572,0,1,542.28,173.021062193,871939.25,1,0,0
4578,4578,0,1,559.742,173.04211199,9451119.0,1,0,0
4580,4580,0,1,264.331,173.080860791,661813.8125,1,0,0
4600,4600,0,1,542.28,173.092149848,1548240.125,1,0,0
4610,4610,0,1,366.931,173.128492397,7897336.0,1,0,0
4618,4618,0,1,379.781,173.128511789,6762753.5,1,0,0
4626,4626,0,1,330.215,173.128531376,2094969.125,1,0,0
4632,4632,0,1,1185.66,173.139693013,10625529.0,1,0,0
4642,4642,0,1,455.865,174.021998732,2098179.75,1,0,0
4662,4662,0,1,588.459,174.038656611,8292664.5,1,0,0
4665,4665,0,1,434.59,174.076104403,3022813.5,1,0,0
4687,4687,0,1,539.755,174.076111977,615573.9375,1,0,0
4693,4693,0,1,547.239,174.076119984,898151.75,1,0,0
4699,4699,0,1,453.384,174.076145355,3381751.75,1,0,0
4735,4735,0,1,624.805,174.087334058,10569963.0,1,0,0
4741,4741,0,1,294.469,174.112479452,3092532.25,1,0,0
4749,4749,0,1,459.598,174.112512277,1698330.75,1,0,0
4765,4765,0,1,306.232,174.112514061,1022128.6875,1,0,0
4790,4790,0,1,199.485,174.123714354,638901.5625,1,0,0
4794,4794,0,1,191.441,174.123726385,608361.3125,1,0,0
4803,4803,0,1,366.931,174.131804386,765638.875,1,0,0
4819,4819,0,1,432.107,174.148867396,1596163.125,1,0,0
4836,4836,0,1,512.32,175.001651764,971725.9375,1,0,0
4843,4843,0,1,689.007,175.02365289,604466.8125,1,0,0
4848,4848,0,1,588.459,175.057725191,14247685.0,1,0,0
4854,4854,0,1,513.556,175.071339017,1157693.25,1,0,0
4861,4861,0,1,626.051,175.090650934,768321.0,1,0,0
4875,4875,0,1,631.311,175.107737308,1338970.5,1,0,0
4889,4889,0,1,584.728,175.107786126,3881543.0,1,0,0
4897,4897,0,1,538.516,175.10782377,2721047.0,1,0,0
4905,4905,0,1,1002.67,175.118924459,42606024.0,1,0,0
4921,4921,0,1,277.702,175.132926934,666458.0625,1,0,0
4923,4923,0,1,842.578,175.144100384,12557210.0,1,0,0
4935,4935,0,1,590.942,176.055357671,4329780.5,1,0,0
4951,4951,0,1,508.423,176.091680927,8928484.0,1,0,0
4966,4966,0,1,556.011,176.091751472,4349216.5,1,0,0
4975,4975,0,1,653.758,176.102996289,48279332.0,1,0,0
4980,4980,0,1,1002.67,176.116287159,682005.6875,1,0,0
4986,4986,0,1,1002.67,176.122229116,2686343.0,1,0,0
4997,4997,0,1,842.578,176.147426604,1008315.6875,1,0,0
5005,5005,0,1,650.033,176.961488488,921186.875,1,0,0
5010,5010,0,1,263.085,177.054506253,1034169.0,1,0,0
5019,5019,0,1,410.326,177.054519877,735890.5,1,0,0
5024,5024,0,1,239.111,177.054586378,5796508.5,1,0,0
5039,5039,0,1,437.165,177.075747642,949688.25,1,0,0
5045,5045,0,1,516.03,177.086952826,1005005.0625,1,0,0
5055,5055,0,1,509.663,177.095051947,657562.25,1,0,0
5059,5059,0,1,653.758,177.100292368,572913.8125,1,0,0
5075,5075,0,1,653.758,177.106298897,3174211.25,1,0,0
5094,5094,0,1,416.798,178.049736848,1780581.125,1,0,0
5105,5105,0,1,239.111,178.057914326,649803.8125,1,0,0
5110,5110,0,1,622.317,178.058660961,3473530.25,1,0,0
5113,5113,0,1,368.171,178.086244833,1985426.25,1,0,0
5122,5122,0,1,268.438,178.089608199,1327705.625,1,0,0
5144,5144,0,1,838.778,179.128401367,6878657.5,1,0,0
5166,5166,0,1,838.778,179.630082294,1353831.125,1,0,0
5182,5182,0,1,409.09,180.065371135,3947361.0,1,0,0
5207,5207,0,1,263.085,180.065462205,605267.5,1,0,0
5220,5220,0,1,600.951,180.086521144,11014748.0,1,0,0
5241,5241,0,1,668.853,180.086565878,3931121.5,1,0,0
5249,5249,0,1,562.308,180.086615191,2077041.125,1,0,0
5263,5263,0,1,465.819,180.086641378,4311435.5,1,0,0
5275,5275,0,1,272.36,180.101861632,15675643.0,1,0,0
5307,5307,0,1,355.669,180.101862092,7808192.5,1,0,0
5338,5338,0,1,486.476,180.101919044,7622726.0,1,0,0
5365,5365,0,1,1067.42,180.13822999,2338893.0,1,0,0
5374,5374,0,1,260.221,180.159387266,564435.5,1,0,0
5387,5387,0,1,635.046,181.033136335,708590.25,1,0,0
5389,5389,0,1,443.407,181.052827205,799338.625,1,0,0
5409,5409,0,1,491.622,182.04493487,1266756.5,1,0,0
5420,5420,0,1,584.728,182.081249124,20474944.0,1,0,0
5426,5426,0,1,493.037,182.081255876,2239436.75,1,0,0
5445,5445,0,1,504.39,183.068552269,1552017.625,1,0,0
5451,5451,0,1,613.388,183.086303723,48964084.0,1,0,0
5468,5468,0,1,267.192,184.060433551,8544984.0,1,0,0
5477,5477,0,1,358.155,184.060451395,773301.625,1,0,0
5483,5483,0,1,518.503,184.060498802,1204833.25,1,0,0
5491,5491,0,1,539.755,184.063894002,14188951.0,1,0,0
5498,5498,0,1,615.862,184.07328873,23100436.0,1,0,0
5514,5514,0,1,613.388,184.089568951,3055855.75,1,0,0
5560,5560,0,1,419.279,184.107984492,1086374.875,1,0,0
5590,5590,0,1,419.279,185.091959319,15173984.0,1,0,0
5607,5607,0,1,837.513,185.128425687,642840.1875,1,0,0
5614,5614,0,1,971.277,185.13965767,695496.125,1,0,0
5626,5626,0,1,508.423,186.076059082,1200735.125,1,0,0
5635,5635,0,1,439.647,186.076060841,1548758.75,1,0,0
5643,5643,0,1,381.023,186.076065628,1286439.625,1,0,0
5653,5653,0,1,547.239,186.076116361,907129.3125,1,0,0
5691,5691,0,1,419.279,186.095281769,1189300.125,1,0,0
5703,5703,0,1,425.72,186.112426962,530428.6875,1,0,0
5717,5717,0,1,520.976,187.057650131,1200537.5,1,0,0
5719,5719,0,1,473.645,187.071328761,589323.0,1,0,0
5723,5723,0,1,487.891,187.071406123,2207531.25,1,0,0
5727,5727,0,1,595.985,187.107661222,2716648.5,1,0,0
5741,5741,0,1,598.469,188.05522566,1188188.125,1,0,0
5750,5750,0,1,604.701,188.055275699,1207762.5,1,0,0
5759,5759,0,1,553.527,188.070571772,13060257.0,1,0,0
5768,5768,0,1,419.279,188.091614204,894506.625,1,0,0
5772,5772,0,1,474.881,188.09169418,1486730.375,1,0,0
5779,5779,0,1,297.137,188.128047818,3264343.5,1,0,0
5787,5787,0,1,406.431,188.128058216,1802424.0,1,0,0
5800,5800,0,1,361.963,188.128078331,1286083.75,1,0,0
5824,5824,0,1,556.011,189.073661258,1817119.625,1,0,0
5844,5844,0,1,474.881,189.086933984,1509413.875,1,0,0
5849,5849,0,1,487.891,189.087023961,4719922.0,1,0,0
5854,5854,0,1,501.725,189.123309497,692198.5,1,0,0
5859,5859,0,1,564.798,189.123333186,16189324.0,1,0,0
5879,5879,0,1,547.239,189.123392753,11145638.0,1,0,0
5904,5904,0,1,924.247,189.13438419,4599141.0,1,0,0
5918,5918,0,1,859.384,189.159668028,56511936.0,1,0,0
5935,5935,0,1,588.459,190.012524519,1003434.0,1,0,0
5956,5956,0,1,573.559,190.070933659,587512.8125,1,0,0
5969,5969,0,1,562.308,190.070972013,896392.4375,1,0,0
5982,5982,0,1,841.31,190.107312997,1068406.875,1,0,0
5987,5987,0,1,381.023,190.107314605,4270243.5,1,0,0
6000,6000,0,1,398.577,190.107326509,2956456.5,1,0,0
6013,6013,0,1,334.186,190.107353828,3270357.75,1,0,0
6027,6027,0,1,564.798,190.126670598,1321933.625,1,0,0
6040,6040,0,1,547.239,190.126835434,1071677.875,1,0,0
6053,6053,0,1,574.795,190.143648926,1601691.875,1,0,0
6063,6063,0,1,434.59,190.143703347,564554.125,1,0,0
6106,6106,0,1,859.384,190.162963185,5544146.0,1,0,0
6117,6117,0,1,287.883,191.08478478,1622936.875,1,0,0
6125,6125,0,1,598.469,191.102498123,15674553.0,1,0,0
6134,6134,0,1,689.007,192.050134141,689331.0,1,0,0
6136,6136,0,1,626.051,192.050209822,790646.5625,1,0,0
6140,6140,0,1,299.618,192.068827689,1102335.5,1,0,0
6158,6158,0,1,598.469,192.105832641,1261112.625,1,0,0
6161,6161,0,1,590.942,192.122931109,980392.1875,1,0,0
6168,6168,0,1,548.477,193.070770021,1048906.25,1,0,0
6188,6188,0,1,278.946,193.085959946,548830.8125,1,0,0
6210,6210,0,1,877.634,193.131533849,1006603.9375,1,0,0
6216,6216,0,1,277.702,193.143457553,31298328.0,1,0,0
6231,6231,0,1,336.679,193.14347776,2142569.0,1,0,0
6242,6242,0,1,374.457,193.143485847,858233.4375,1,0,0
6261,6261,0,1,472.407,194.081080757,930726.3125,1,0,0
6270,6270,0,1,364.448,194.081159469,4002022.25,1,0,0
6290,6290,0,1,299.618,194.081179372,4325976.5,1,0,0
6303,6303,0,1,378.542,194.081202359,2941392.25,1,0,0
6323,6323,0,1,847.742,194.102304861,568019.6875,1,0,0
6328,6328,0,1,838.778,194.10230494,624430.3125,1,0,0
6333,6333,0,1,261.654,194.117561957,2707569.25,1,0,0
6346,6346,0,1,281.432,194.117577152,1371174.625,1,0,0
6359,6359,0,1,277.702,194.146779411,2886533.25,1,0,0
6379,6379,0,1,437.165,195.076446848,2141914.25,1,0,0
6383,6383,0,1,299.618,195.084479236,532713.0,1,0,0
6396,6396,0,1,618.594,195.086253197,666660.5625,1,0,0
6406,6406,0,1,510.903,195.087612826,1369505.5,1,0,0
6430,6430,0,1,378.542,195.113045723,612365.625,1,0,0
6447,6447,0,1,248.292,195.137969049,2671704.75,1,0,0
6458,6458,0,1,416.798,196.060347344,1373315.875,1,0,0
6469,6469,0,1,406.431,196.060425134,966916.125,1,0,0
6497,6497,0,1,498.002,196.060490336,903204.9375,1,0,0
6509,6509,0,1,487.891,196.060514792,552478.875,1,0,0
6521,6521,0,1,682.745,196.08155578,522384.9375,1,0,0
6526,6526,0,1,410.326,196.09671572,3089056.5,1,0,0
6555,6555,0,1,429.584,196.096815121,892003.0625,1,0,0
6572,6572,0,1,254.871,196.096849129,960204.25,1,0,0
6580,6580,0,1,318.417,196.096858264,660621.0,1,0,0
6608,6608,0,1,364.448,196.133198341,627589.25,1,0,0
6622,6622,0,1,276.096,196.133204505,2211512.75,1,0,0
6656,6656,0,1,265.577,197.117224008,841692.5,1,0,0
6664,6664,0,1,990.753,197.128417833,667376.0625,1,0,0
6670,6670,0,1,997.355,197.128418053,631674.0625,1,0,0
6676,6676,0,1,360.642,197.12846074,1026995.0,1,0,0
6689,6689,0,1,327.72,197.128488205,707443.5,1,0,0
6697,6697,0,1,590.942,198.037250464,554328.25,1,0,0
6704,6704,0,1,637.583,198.052515144,941122.875,1,0,0
6733,6733,0,1,481.308,198.087291652,1177984.875,1,0,0
6742,6742,0,1,627.569,198.097174117,9659914.0,1,0,0
6750,6750,0,1,696.582,198.097204075,7536225.0,1,0,0
6754,6754,0,1,552.287,198.097221243,825113.375,1,0,0
6776,6776,0,1,419.279,198.112351685,2529630.75,1,0,0
6801,6801,0,1,409.09,198.112369664,13601193.0,1,0,0
6826,6826,0,1,811.226,198.112455603,873128.5625,1,0,0
6829,6829,0,1,458.36,198.112489468,1668936.75,1,0,0
6842,6842,0,1,545.999,198.112523253,1674121.375,1,0,0
6864,6864,0,1,554.77,198.123693802,1850198.125,1,0,0
6888,6888,0,1,627.569,199.100529355,640439.5625,1,0,0
6893,6893,0,1,409.09,199.107644323,1717565.5,1,0,0
6905,6905,0,1,963.447,199.107707942,1737830.5,1,0,0
6918,6918,0,1,383.824,199.107710198,4863869.0,1,0,0
6930,6930,0,1,398.577,199.107716529,2617324.5,1,0,0
6942,6942,0,1,409.09,199.115476233,1478803.5,1,0,0
6966,6966,0,1,229.71,199.169250466,7779785.0,1,0,0
6978,6978,0,1,909.981,200.13930225,823065.375,1,0,0
6990,6990,0,1,463.346,201.052235394,3791785.25,1,0,0
7000,7000,0,1,448.381,201.052275544,2400108.75,1,0,0
7010,7010,0,1,458.36,201.086977246,1023533.4375,1,0,0
7020,7020,0,1,278.946,201.112088574,536084.6875,1,0,0
7025,7025,0,1,286.412,202.143681366,1606708.375,1,0,0
7031,7031,0,1,597.228,202.143695811,696422.9375,1,0,0
7034,7034,0,1,243.171,202.143722776,2737603.0,1,0,0
7056,7056,0,1,640.068,203.052504025,6805818.5,1,0,0
7063,7063,0,1,731.368,203.052555888,526958.875,1,0,0
7068,7068,0,1,627.569,203.052558168,12795225.0,1,0,0
7075,7075,0,1,553.527,203.052581999,3775680.0,1,0,0
7079,7079,0,1,650.033,203.113863128,15658617.0,1,0,0
7091,7091,0,1,615.862,203.138997935,710475.6875,1,0,0
7098,7098,0,1,626.051,203.139024051,838046.875,1,0,0
7105,7105,0,1,860.653,203.150257771,34492924.0,1,0,0
7119,7119,0,1,598.469,204.055954568,631249.0,1,0,0
7162,7162,0,1,442.166,204.086640916,1086807.25,1,0,0
7169,7169,0,1,562.308,204.086723305,1921633.5,1,0,0
7192,7192,0,1,547.239,204.086747253,5701897.0,1,0,0
7215,7215,0,1,650.033,204.117317749,958362.5625,1,0,0
7225,7225,0,1,261.654,204.123023487,522460.125,1,0,0
7227,7227,0,1,518.503,204.123051347,2407559.25,1,0,0
7245,7245,0,1,361.963,204.123199878,530557.625,1,0,0
7253,7253,0,1,549.717,204.134374874,1112817.625,1,0,0
7288,7288,0,1,859.384,204.153589849,2837051.75,1,0,0
7297,7297,0,1,613.388,205.068233588,69347824.0,1,0,0
7304,7304,0,1,553.527,205.097177296,36771424.0,1,0,0
7327,7327,0,1,597.228,205.118258332,10008562.0,1,0,0
7347,7347,0,1,614.625,206.055268194,991230.5625,1,0,0
7363,7363,0,1,613.388,206.071505613,4061634.5,1,0,0
7374,7374,0,1,414.273,206.08108488,1718630.0,1,0,0
7388,7388,0,1,640.068,206.102207237,2062410.625,1,0,0
7398,7398,0,1,627.569,206.102275914,2132972.5,1,0,0
7408,7408,0,1,449.622,206.102352103,1119395.875,1,0,0
7423,7423,0,1,783.837,206.151943547,3567250.0,1,0,0
7430,7430,0,1,782.573,206.653683325,701461.625,1,0,0
7445,7445,0,1,613.388,207.072181883,758462.375,1,0,0
7461,7461,0,1,406.431,207.11276239,1060981.625,1,0,0
7474,7474,0,1,297.137,207.112779279,2759359.25,1,0,0
7496,7496,0,1,934.537,207.206554224,1590243.625,1,0,0
7502,7502,0,1,444.648,208.059697048,602343.8125,1,0,0
7511,7511,0,1,419.279,208.063840532,1192399.875,1,0,0
7530,7530,0,1,289.13,208.096766179,2815657.5,1,0,0
7541,7541,0,1,358.155,208.096799768,640234.1875,1,0,0
7559,7559,0,1,598.469,208.117871623,1284610.0,1,0,0
7577,7577,0,1,845.116,208.117947223,4207860.0,1,0,0
7591,7591,0,1,260.221,209.080800959,545279.125,1,0,0
7604,7604,0,1,416.798,209.091916699,14006026.0,1,0,0
7617,7617,0,1,399.823,209.092030167,861868.125,1,0,0
7637,7637,0,1,514.793,209.101906436,1234343.75,1,0,0
7642,7642,0,1,465.819,209.101972012,3465742.25,1,0,0
7652,7652,0,1,484.002,209.103268808,1329467.375,1,0,0
7677,7677,0,1,277.702,209.128438485,598560.3125,1,0,0
7684,7684,0,1,254.871,209.153580642,846993.875,1,0,0
7697,7697,0,1,705.378,210.060775829,723844.875,1,0,0
7709,7709,0,1,460.835,210.097263911,1783887.75,1,0,0
7713,7713,0,1,548.477,210.097270818,1365350.0,1,0,0
7724,7724,0,1,244.41,210.112396376,1156074.875,1,0,0
7731,7731,0,1,363.206,210.112452402,1018965.6875,1,0,0
7734,7734,0,1,281.432,210.112453078,578154.5,1,0,0
7741,7741,0,1,299.618,210.112453828,2231254.0,1,0,0
7748,7748,0,1,378.542,210.112499226,635964.125,1,0,0
7756,7756,0,1,278.946,210.170002971,6319341.0,1,0,0
7768,7768,0,1,399.823,211.036662032,659123.1875,1,0,0
7771,7771,0,1,486.476,211.068956363,1043850.6875,1,0,0
7782,7782,0,1,564.798,211.105222926,945809.6875,1,0,0
7815,7815,0,1,245.649,211.132759112,960795.9375,1,0,0
7830,7830,0,1,278.946,211.144089581,9050125.0,1,0,0
7847,7847,0,1,374.457,211.144095695,747600.625,1,0,0
7860,7860,0,1,325.038,211.144100561,1553415.625,1,0,0
7881,7881,0,1,278.946,211.173268578,638771.125,1,0,0
7938,7938,0,1,364.448,212.091415185,855500.875,1,0,0
7955,7955,0,1,543.521,212.095177958,6569458.0,1,0,0
7970,7970,0,1,437.165,212.102968951,7032076.0,1,0,0
7986,7986,0,1,597.228,212.112713448,3364737.25,1,0,0
7996,7996,0,1,281.432,212.128032637,609895.8125,1,0,0
8044,8044,0,1,278.946,212.147356028,960365.4375,1,0,0
8058,8058,0,1,435.83,213.106139811,638009.3125,1,0,0
8072,8072,0,1,276.096,213.112056324,894545.375,1,0,0
8081,8081,0,1,917.816,213.12324362,870948.875,1,0,0
8088,8088,0,1,454.625,213.123329621,688477.1875,1,0,0
8102,8102,0,1,448.381,213.123392998,663393.3125,1,0,0
8116,8116,0,1,248.292,213.148479848,3492815.5,1,0,0
8130,8130,0,1,550.958,215.052596128,987136.8125,1,0,0
8132,8132,0,1,477.597,215.138978915,1294051.75,1,0,0
8135,8135,0,1,458.36,215.139023152,983341.875,1,0,0
8143,8143,0,1,637.583,216.063095713,17032534.0,1,0,0
8146,8146,0,1,409.09,216.076620558,2470037.0,1,0,0
8174,8174,0,1,409.09,216.122957368,8052334.0,1,0,0
8202,8202,0,1,398.577,216.123044194,3207634.25,1,0,0
8230,8230,0,1,235.044,216.159380437,3905013.5,1,0,0
8233,8233,0,1,598.469,217.068145794,1035308.625,1,0,0
8238,8238,0,1,501.725,217.081924084,688452.25,1,0,0
8246,8246,0,1,523.629,217.097071828,733838.1875,1,0,0
8251,8251,0,1,478.834,217.107056691,661929.375,1,0,0
8258,8258,0,1,467.234,217.107079325,911088.5,1,0,0
8272,8272,0,1,627.569,217.129493513,7485114.0,1,0,0
8283,8283,0,1,599.71,217.154576396,650488.3125,1,0,0
8288,8288,0,1,609.647,217.154664273,774739.0625,1,0,0
8319,8319,0,1,278.946,218.081149683,1742296.0,1,0,0
8333,8333,0,1,499.241,218.102292685,922277.5,1,0,0
8342,8342,0,1,626.051,218.132924082,770366.3125,1,0,0
8361,8361,0,1,632.557,218.138630936,5729884.5,1,0,0
8380,8380,0,1,269.685,218.138657355,668425.0625,1,0,0
8390,8390,0,1,841.31,218.149890498,3085083.75,1,0,0
8394,8394,0,1,588.459,219.09751996,1240301.0,1,0,0
8397,8397,0,1,670.092,219.133877738,1362280.125,1,0,0
8401,8401,0,1,624.805,220.081517753,5159804.0,1,0,0
8411,8411,0,1,427.098,220.108514531,702798.375,1,0,0
8435,8435,0,1,433.349,220.117939889,4474088.0,1,0,0
8449,8449,0,1,613.388,221.042129319,1976208.625,1,0,0
8459,8459,0,1,210.784,221.080868001,1860025.875,1,0,0
8465,8465,0,1,624.805,221.084819328,525718.25,1,0,0
8471,8471,0,1,516.03,221.091985621,984288.5625,1,0,0
8478,8478,0,1,507.181,221.091987514,784868.0,1,0,0
8485,8485,0,1,624.805,221.11314,582391.4375,1,0,0
8491,8491,0,1,309.104,222.079795091,536099.5,1,0,0
8498,8498,0,1,547.239,222.09723947,3724312.0,1,0,0
8511,8511,0,1,287.883,222.112374648,3876743.25,1,0,0
8547,8547,0,1,514.793,223.048830545,1059489.75,1,0,0
8555,8555,0,1,668.853,223.074605014,547783.8125,1,0,0
8559,8559,0,1,550.958,223.093897568,808790.9375,1,0,0
8564,8564,0,1,203.264,223.096408377,9214463.0,1,0,0
8569,8569,0,1,239.111,223.096409354,4307584.5,1,0,0
8609,8609,0,1,257.728,223.144067872,665736.625,1,0,0
8667,8667,0,1,379.781,224.091648381,804444.25,1,0,0
8699,8699,0,1,203.264,224.09970139,1160858.875,1,0,0
8709,8709,0,1,640.068,224.112747686,13047997.0,1,0,0
8743,8743,0,1,627.569,224.11277448,13119512.0,1,0,0
8777,8777,0,1,409.09,224.127967144,723898.125,1,0,0
8798,8798,0,1,419.279,225.086884117,984876.9375,1,0,0
8805,8805,0,1,640.068,225.115973804,1010540.625,1,0,0
8817,8817,0,1,627.569,225.116092289,1206487.375,1,0,0
8836,8836,0,1,472.407,225.123255732,1165938.875,1,0,0
8844,8844,0,1,618.594,225.123259527,1633917.125,1,0,0
8870,8870,0,1,538.516,226.07097429,1154605.5,1,0,0
8935,8935,0,1,416.798,226.118344003,69277000.0,1,0,0
8947,8947,0,1,401.069,226.118520174,3431035.75,1,0,0
8959,8959,0,1,465.819,226.128461968,29262550.0,1,0,0
8971,8971,0,1,882.713,226.15490716,4860332.0,1,0,0
8989,8989,0,1,554.77,227.079014206,1044086.4375,1,0,0
9003,9003,0,1,428.341,227.102468489,33222366.0,1,0,0
9020,9020,0,1,369.412,227.102546864,12120809.0,1,0,0
9031,9031,0,1,331.648,227.102603214,6517253.5,1,0,0
9040,9040,0,1,415.512,227.12152728,7316986.5,1,0,0
9067,9067,0,1,295.711,227.127662081,2428154.0,1,0,0
9077,9077,0,1,249.534,227.127693544,700553.0625,1,0,0
9088,9088,0,1,465.819,227.131718874,2654994.5,1,0,0
9114,9114,0,1,881.443,227.158136128,560961.8125,1,0,0
9129,9129,0,1,519.739,228.032438538,577167.1875,1,0,0
9137,9137,0,1,413.033,228.063001819,528661.3125,1,0,0
9170,9170,0,1,513.556,228.097774856,3429670.5,1,0,0
9219,9219,0,1,427.098,228.105770309,3502941.5,1,0,0
9234,9234,0,1,476.118,228.105799198,1139797.125,1,0,0
9243,9243,0,1,341.891,228.105883284,900941.5625,1,0,0
9250,9250,0,1,411.615,228.122753255,597762.0,1,0,0
9265,9265,0,1,264.331,228.122978957,793041.875,1,0,0
9275,9275,0,1,416.798,228.134036591,559314.0625,1,0,0
9290,9290,0,1,409.09,228.134066104,812994.375,1,0,0
9305,9305,0,1,1121.66,228.145469081,1288935.125,1,0,0
9310,9310,0,1,229.71,228.195792448,798964.625,1,0,0
9316,9316,0,1,293.228,229.027755101,793293.125,1,0,0
9340,9340,0,1,289.13,229.100512034,644886.625,1,0,0
9358,9358,0,1,409.09,229.118150684,1099819.25,1,0,0
9370,9370,0,1,953.032,229.11817727,670562.75,1,0,0
9373,9373,0,1,304.981,229.118269353,1820511.625,1,0,0
9388,9388,0,1,635.046,229.129383861,2286014.25,1,0,0
9395,9395,0,1,245.649,229.143396658,1579224.5,1,0,0
9405,9405,0,1,409.09,229.154523603,4879791.5,1,0,0
9417,9417,0,1,572.321,229.15456175,11057481.0,1,0,0
9424,9424,0,1,299.618,229.154604227,1547333.625,1,0,0
9436,9436,0,1,553.527,229.154652027,3356986.75,1,0,0
9443,9443,0,1,544.761,229.154720879,3464815.25,1,0,0
9450,9450,0,1,490.365,229.154755391,35287752.0,1,0,0
9465,9465,0,1,280.189,230.04808193,824012.0625,1,0,0
9472,9472,0,1,434.59,230.048098774,2964083.0,1,0,0
9487,9487,0,1,447.139,230.048127507,1842000.125,1,0,0
9502,9502,0,1,640.068,230.095734168,1287737.875,1,0,0
9511,9511,0,1,472.407,230.102261032,15152954.0,1,0,0
9593,9593,0,1,573.559,230.157885575,1193961.5,1,0,0
9599,9599,0,1,490.365,230.158024817,4318995.5,1,0,0
9616,9616,0,1,733.902,230.186260395,861578.8125,1,0,0
9645,9645,0,1,465.819,231.083887562,9170116.0,1,0,0
9681,9681,0,1,467.234,231.097499052,747389.125,1,0,0
9699,9699,0,1,277.702,231.099274469,1440770.875,1,0,0
9705,9705,0,1,469.707,231.105630178,1462879.5,1,0,0
9728,9728,0,1,469.707,231.112671092,731920.875,1,0,0
9751,9751,0,1,577.268,231.133868826,38257776.0,1,0,0
9761,9761,0,1,612.152,231.145141936,1614162.375,1,0,0
9772,9772,0,1,282.677,231.170246763,778545.5,1,0,0
9778,9778,0,1,549.717,232.063823699,3758439.0,1,0,0
9789,9789,0,1,590.942,232.129125822,727808.625,1,0,0
9794,9794,0,1,578.503,232.137136325,4707252.5,1,0,0
9799,9799,0,1,560.987,233.113152653,651625.4375,1,0,0
9813,9813,0,1,394.479,233.91475272,627001.6875,1,0,0
9818,9818,0,1,741.72,234.07698846,1066538.125,1,0,0
9829,9829,0,1,641.31,234.09704251,944191.25,1,0,0
9834,9834,0,1,592.258,234.097117585,21954712.0,1,0,0
9847,9847,0,1,813.804,234.108364767,1358867.625,1,0,0
9852,9852,0,1,733.902,234.133518807,2132387.0,1,0,0
9864,9864,0,1,723.54,234.133525477,2074411.25,1,0,0
9882,9882,0,1,409.09,235.107714834,844300.6875,1,0,0
9908,9908,0,1,414.273,235.118674179,40185984.0,1,0,0
9934,9934,0,1,398.577,235.118858952,2509060.5,1,0,0
9960,9960,0,1,531.059,235.165119494,429283712.0,1,0,0
9972,9972,0,1,399.823,235.91293779,544941.875,1,0,0
9986,9986,0,1,368.171,236.091621081,1337897.125,1,0,0
10003,10003,0,1,379.781,236.09165479,2315256.75,1,0,0
10020,10020,0,1,240.354,236.112712034,21541436.0,1,0,0
10025,10025,0,1,264.331,236.112757406,1125354.25,1,0,0
10030,10030,0,1,414.273,236.121930696,4736081.0,1,0,0
10043,10043,0,1,265.577,236.128006983,558258.4375,1,0,0
10078,10078,0,1,540.996,236.149268618,7373383.0,1,0,0
10096,10096,0,1,531.059,236.162437742,3354991.5,1,0,0
10114,10114,0,1,531.059,236.168409425,44345628.0,1,0,0
10137,10137,0,1,469.707,237.086897069,2651890.75,1,0,0
10150,10150,0,1,235.044,237.111869267,2193247.5,1,0,0
10155,10155,0,1,505.634,237.123232481,910554.3125,1,0,0
10164,10164,0,1,215.733,237.14838457,774392.5625,1,0,0
10184,10184,0,1,637.583,238.044925347,1682432.5,1,0,0
10193,10193,0,1,538.516,238.070971742,1801054.75,1,0,0
10201,10201,0,1,624.805,238.092001439,4215881.0,1,0,0
10210,10210,0,1,286.412,238.107205965,1207568.5,1,0,0
10219,10219,0,1,203.264,239.091228952,1125648.25,1,0,0
10228,10228,0,1,509.663,239.11231634,1216727.75,1,0,0
10245,10245,0,1,405.183,239.138845735,1182195.5,1,0,0
10252,10252,0,1,297.137,239.138923657,675487.9375,1,0,0
10261,10261,0,1,295.711,239.148636173,704804.875,1,0,0
10270,10270,0,1,589.7,239.150135346,2038552.375,1,0,0
10280,10280,0,1,286.412,240.068707101,808125.625,1,0,0
10292,10292,0,1,416.798,240.086343427,565451.9375,1,0,0
10305,10305,0,1,369.412,240.122870076,676985.0,1,0,0
10318,10318,0,1,409.09,240.122879272,935702.0625,1,0,0
10348,10348,0,1,257.728,240.122936858,598797.875,1,0,0
10355,10355,0,1,409.09,240.133979159,3823224.75,1,0,0
10449,10449,0,1,542.28,241.154607047,2141525.5,1,0,0
10454,10454,0,1,487.891,241.154631244,6762089.0,1,0,0
10463,10463,0,1,236.287,241.179602189,546666.75,1,0,0
10493,10493,0,1,477.597,242.102555563,545534.4375,1,0,0
10513,10513,0,1,478.834,242.113367689,15960940.0,1,0,0
10533,10533,0,1,552.287,242.123274016,691923.375,1,0,0
10543,10543,0,1,487.891,242.157789858,960250.0625,1,0,0
10579,10579,0,1,1120.38,242.161054109,624381.375,1,0,0
10585,10585,0,1,410.326,243.097321157,9829155.0,1,0,0
10599,10599,0,1,298.379,243.133808226,4575682.5,1,0,0
10606,10606,0,1,406.431,243.133808858,2223623.75,1,0,0
10622,10622,0,1,361.963,243.133858416,1559958.125,1,0,0
10636,10636,0,1,547.239,244.079152323,1774218.25,1,0,0
10642,10642,0,1,562.308,244.0797876,754173.6875,1,0,0
10648,10648,0,1,503.147,244.081543835,3011515.5,1,0,0
10652,10652,0,1,559.742,244.092798172,19470474.0,1,0,0
10661,10661,0,1,299.618,244.096728068,1062471.375,1,0,0
10683,10683,0,1,1111.15,244.140319423,1116730.375,1,0,0
10692,10692,0,1,946.3,244.176607839,780971.6875,1,0,0
10699,10699,0,1,938.512,244.176703422,734525.1875,1,0,0
10706,10706,0,1,227.226,244.190616922,1349615.25,1,0,0
10720,10720,0,1,559.742,245.076777796,2635914.25,1,0,0
10739,10739,0,1,409.09,245.095153529,537332.4375,1,0,0
10753,10753,0,1,559.742,245.096012021,1746280.875,1,0,0
10772,10772,0,1,283.921,245.128321579,4618171.0,1,0,0
10808,10808,0,1,293.228,245.149427574,819310.75,1,0,0
10830,10830,0,1,407.855,245.164682571,528079.375,1,0,0
10848,10848,0,1,409.09,246.079262889,2795353.5,1,0,0
10863,10863,0,1,398.577,246.079346464,3422306.5,1,0,0
10880,10880,0,1,410.326,246.13338593,883338.125,1,0,0
10912,10912,0,1,245.649,246.169804325,812107.8125,1,0,0
10917,10917,0,1,894.39,246.181097072,1700805.25,1,0,0
10924,10924,0,1,543.521,247.057717805,17692120.0,1,0,0
10930,10930,0,1,552.287,247.078718199,979494.75,1,0,0
10936,10936,0,1,503.147,247.092373372,1140385.25,1,0,0
10960,10960,0,1,249.534,247.13267798,888328.0,1,0,0
10970,10970,0,1,614.625,247.139924155,1378254.125,1,0,0
10977,10977,0,1,648.791,248.058613094,3564481.25,1,0,0
10996,10996,0,1,544.761,248.061097402,1370955.5,1,0,0
11007,11007,0,1,416.798,248.100225346,4085482.75,1,0,0
11009,11009,0,1,635.046,248.112681793,11759048.0,1,0,0
11028,11028,0,1,468.47,248.112698308,1048888.0,1,0,0
11047,11047,0,1,547.239,248.1130212,537438.0625,1,0,0
11058,11058,0,1,524.867,248.207910902,1133272.125,1,0,0
11063,11063,0,1,459.598,249.084482415,1060797.5,1,0,0
11071,11071,0,1,494.275,249.120632389,698935.0,1,0,0
11075,11075,0,1,472.407,249.123234475,2039802.375,1,0,0
11083,11083,0,1,526.108,249.192074452,1228983.25,1,0,0
11091,11091,0,1,536.041,249.192136685,1160982.75,1,0,0
11099,11099,0,1,460.835,250.050879182,595333.5,1,0,0
11104,11104,0,1,435.83,250.058728229,749508.375,1,0,0
11109,11109,0,1,597.228,250.092066012,2327150.5,1,0,0
11127,11127,0,1,577.268,250.107232442,658728.125,1,0,0
11142,11142,0,1,595.985,250.128324491,1013366.4375,1,0,0
11165,11165,0,1,261.654,250.14360869,983731.25,1,0,0
11182,11182,0,1,434.59,251.112432764,1578650.0,1,0,0
11191,11191,0,1,621.074,251.123613358,784674.5,1,0,0
11204,11204,0,1,626.051,251.123635223,655202.375,1,0,0
11224,11224,0,1,207.077,251.127690365,6376576.0,1,0,0
11242,11242,0,1,903.578,251.138849884,684793.9375,1,0,0
11259,11259,0,1,409.09,251.149930545,2320696.0,1,0,0
11305,11305,0,1,260.221,251.185138741,8520598.0,1,0,0
11308,11308,0,1,415.512,252.086222002,559230.0625,1,0,0
11320,11320,0,1,501.725,252.086543981,1047427.4375,1,0,0
11328,11328,0,1,489.128,252.0866764,598112.5625,1,0,0
11336,11336,0,1,641.31,252.107528327,6466016.0,1,0,0
11349,11349,0,1,592.258,252.107583386,46108228.0,1,0,0
11386,11386,0,1,439.647,252.108913831,29635886.0,1,0,0
11416,11416,0,1,273.606,252.122891477,709593.125,1,0,0
11422,11422,0,1,260.221,252.188466492,1058128.875,1,0,0
11428,11428,0,1,482.766,253.092998268,3300294.0,1,0,0
11443,11443,0,1,439.647,253.112188145,3367034.25,1,0,0
11454,11454,0,1,467.234,253.128004594,35089320.0,1,0,0
11475,11475,0,1,478.834,253.12800566,21093862.0,1,0,0
11496,11496,0,1,573.559,253.129157193,899236.9375,1,0,0
11504,11504,0,1,233.801,253.143317038,613789.5625,1,0,0
11512,11512,0,1,419.279,254.101961601,1947918.25,1,0,0
11532,11532,0,1,364.448,254.102153209,1222136.125,1,0,0
11548,11548,0,1,520.976,254.113336433,577790.5625,1,0,0
11585,11585,0,1,1156.42,254.160915723,3876886.0,1,0,0
11593,11593,0,1,1143.15,254.160921728,3233107.5,1,0,0
11601,11601,0,1,1071.27,255.097332742,1454486.125,1,0,0
11608,11608,0,1,1080.5,255.097333582,1399788.75,1,0,0
11627,11627,0,1,597.228,255.107287882,2344779.5,1,0,0
11634,11634,0,1,588.459,255.107360196,1710498.5,1,0,0
11641,11641,0,1,544.761,255.133811401,756646.25,1,0,0
11653,11653,0,1,458.36,256.081357025,685499.125,1,0,0
11663,11663,0,1,465.819,256.081372045,679479.375,1,0,0
11673,11673,0,1,584.728,256.081391539,8318906.0,1,0,0
11689,11689,0,1,263.085,256.096609135,1635725.625,1,0,0
11711,11711,0,1,448.381,256.129014956,527227.9375,1,0,0
11735,11735,0,1,240.354,257.041987475,1486600.0,1,0,0
11742,11742,0,1,593.501,257.084725404,1056334.375,1,0,0
11747,11747,0,1,582.248,257.084832453,1049709.5,1,0,0
11752,11752,0,1,648.791,257.124239521,1922160.875,1,0,0
11760,11760,0,1,528.584,257.146997019,17181418.0,1,0,0
11775,11775,0,1,277.702,257.185732915,565108.875,1,0,0
11779,11779,0,1,474.881,258.108361256,9148207.0,1,0,0
11793,11793,0,1,493.037,258.108420471,12743071.0,1,0,0
11807,11807,0,1,604.701,258.109868776,1099428992.0,1,0,0
11845,11845,0,1,526.108,258.150559857,1603002.0,1,0,0
11858,11858,0,1,223.381,258.206269661,865641.9375,1,0,0
11862,11862,0,1,484.002,259.09233446,35572432.0,1,0,0
11874,11874,0,1,474.881,259.111330758,1034391.5,1,0,0
11886,11886,0,1,493.037,259.111593372,1421508.375,1,0,0
11898,11898,0,1,604.701,259.113099918,96304432.0,1,0,0
11925,11925,0,1,543.521,259.128761006,554396.6875,1,0,0
11937,11937,0,1,559.742,259.128783267,1769151.875,1,0,0
11954,11954,0,1,263.085,259.165080668,537934.5,1,0,0
11963,11963,0,1,249.534,259.201450836,2603378.25,1,0,0
11968,11968,0,1,618.594,260.052755652,1120613.875,1,0,0
11979,11979,0,1,624.805,260.073909449,749921.5625,1,0,0
11991,11991,0,1,420.52,260.11259601,2118296.25,1,0,0
12011,12011,0,1,543.521,260.112848939,15538393.0,1,0,0
12023,12023,0,1,604.701,260.114075926,13904277.0,1,0,0
12034,12034,0,1,410.326,260.127845253,1268232.75,1,0,0
12042,12042,0,1,968.73,260.14911324,542330.625,1,0,0
12050,12050,0,1,753.568,260.154778821,812133.4375,1,0,0
12056,12056,0,1,877.634,260.196746835,616188.1875,1,0,0
12063,12063,0,1,652.517,261.036945697,4255294.0,1,0,0
12074,12074,0,1,302.479,261.090213623,591962.3125,1,0,0
12085,12085,0,1,508.423,261.094258047,1623367.875,1,0,0
12090,12090,0,1,605.939,261.117280583,1559345.125,1,0,0
12099,12099,0,1,379.781,261.123199517,1236074.75,1,0,0
12107,12107,0,1,366.931,261.123210729,1608671.875,1,0,0
12115,12115,0,1,493.037,261.14443947,2264229.5,1,0,0
12128,12128,0,1,628.816,262.1033063,823124.0625,1,0,0
12133,12133,0,1,261.654,262.107233218,529697.0625,1,0,0
12135,12135,0,1,501.725,262.128448486,13243649.0,1,0,0
12184,12184,0,1,416.798,264.074162454,10967855.0,1,0,0
12189,12189,0,1,276.096,264.089875356,1535043.75,1,0,0
12198,12198,0,1,449.622,264.09779317,1599715.75,1,0,0
12211,12211,0,1,553.527,264.107652884,2797967.0,1,0,0
12272,12272,0,1,427.098,265.058313294,2338192.0,1,0,0
12274,12274,0,1,343.136,265.058389974,1114080.25,1,0,0
12292,12292,0,1,212.02,265.107016261,1037312.9375,1,0,0
12307,12307,0,1,683.989,265.139220019,1009378.0625,1,0,0
12314,12314,0,1,205.736,265.143313582,3822642.75,1,0,0
12329,12329,0,1,1100.58,265.15450563,641240.375,1,0,0
12335,12335,0,1,559.742,266.074678217,3585398.0,1,0,0
12339,12339,0,1,298.379,266.113410819,712567.0,1,0,0
12348,12348,0,1,635.046,266.123146361,294813312.0,1,0,0
12398,12398,0,1,545.999,266.123493688,783678.4375,1,0,0
12402,12402,0,1,871.029,266.159607803,20481138.0,1,0,0
12423,12423,0,1,559.742,267.058676738,1133950.25,1,0,0
12426,12426,0,1,499.241,267.058721522,935949.75,1,0,0
12446,12446,0,1,585.967,267.119934437,16595004.0,1,0,0
12456,12456,0,1,239.111,267.122511578,3078105.5,1,0,0
12470,12470,0,1,635.046,267.126444691,32313062.0,1,0,0
12530,12530,0,1,618.594,267.126552346,2117861.75,1,0,0
12593,12593,0,1,510.903,267.133735062,736533.5,1,0,0
12605,12605,0,1,227.226,267.159043712,566894.4375,1,0,0
12611,12611,0,1,230.954,267.171802791,1692924.625,1,0,0
12617,12617,0,1,597.228,268.081477558,535329.0,1,0,0
12627,12627,0,1,597.228,268.102417755,7995996.0,1,0,0
12648,12648,0,1,538.516,268.103864572,2405811.0,1,0,0
12653,12653,0,1,469.707,268.103892867,8295168.0,1,0,0
12691,12691,0,1,585.967,268.123286301,1688705.625,1,0,0
12719,12719,0,1,437.165,268.138904014,9340338.0,1,0,0
12742,12742,0,1,544.761,269.039583518,1745257.375,1,0,0
12748,12748,0,1,469.707,269.107193575,844952.8125,1,0,0
12755,12755,0,1,650.033,270.040492651,537145.5,1,0,0
12761,12761,0,1,465.819,270.094668641,3447672.5,1,0,0
12787,12787,0,1,655.001,270.100491956,1370767.875,1,0,0
12793,12793,0,1,554.77,270.118227766,742621.875,1,0,0
12801,12801,0,1,478.834,270.154525194,29691078.0,1,0,0
12831,12831,0,1,467.234,270.154540803,35260480.0,1,0,0
12861,12861,0,1,368.171,271.081063555,2295334.0,1,0,0
12869,12869,0,1,379.781,271.081082097,3093934.25,1,0,0
12881,12881,0,1,592.258,272.087582459,916740.3125,1,0,0
12893,12893,0,1,576.033,272.112699078,804055.5625,1,0,0
12898,12898,0,1,459.598,272.112845801,672431.375,1,0,0
12907,12907,0,1,597.228,272.133668957,3061076.5,1,0,0
12919,12919,0,1,588.459,272.133788421,4447610.0,1,0,0
12931,12931,0,1,667.614,272.135076119,592587.75,1,0,0
12938,12938,0,1,469.707,272.158965467,534101.875,1,0,0
12947,12947,0,1,463.346,272.159476885,538937.0,1,0,0
12956,12956,0,1,438.406,273.094224181,3198778.0,1,0,0
12959,12959,0,1,522.391,273.107770869,591498.9375,1,0,0
12963,12963,0,1,618.594,273.107892834,964782.75,1,0,0
12975,12975,0,1,528.584,273.120926169,1158343.5,1,0,0
13000,13000,0,1,254.871,273.180633081,3669583.0,1,0,0
13009,13009,0,1,245.649,273.216862344,528748.375,1,0,0
13014,13014,0,1,593.501,274.089422631,989850.625,1,0,0
13020,13020,0,1,522.391,274.091945567,9844865.0,1,0,0
13063,13063,0,1,538.516,274.092017422,41120784.0,1,0,0
13106,13106,0,1,519.739,274.139634888,582684.625,1,0,0
13136,13136,0,1,482.766,275.074944569,4594688.5,1,0,0
13141,13141,0,1,465.819,275.10985065,32929518.0,1,0,0
13149,13149,0,1,478.834,275.109867478,21632348.0,1,0,0
13157,13157,0,1,411.615,275.159764625,1639030.125,1,0,0
13166,13166,0,1,947.614,275.171066966,1003111.4375,1,0,0
13186,13186,0,1,540.996,276.096723119,587044.4375,1,0,0
13196,13196,0,1,413.033,276.107606463,664916.5,1,0,0
13210,13210,0,1,478.834,276.113352707,2451756.0,1,0,0
13251,13251,0,1,467.234,276.113519279,3419889.5,1,0,0
13292,13292,0,1,610.882,276.118740212,1264670.0,1,0,0
13302,13302,0,1,265.577,276.122825653,752672.8125,1,0,0
13306,13306,0,1,470.943,276.14399309,12722159.0,1,0,0
13347,13347,0,1,457.122,276.144013909,6614245.5,1,0,0
13388,13388,0,1,605.939,277.083116428,1056562.125,1,0,0
13400,13400,0,1,595.985,277.089255273,3787555.75,1,0,0
13415,13415,0,1,587.22,277.089395368,2340024.25,1,0,0
13430,13430,0,1,590.942,277.102727123,1445017.0,1,0,0
13445,13445,0,1,648.791,277.102932662,816398.75,1,0,0
13454,13454,0,1,295.711,277.118116457,1374012.0,1,0,0
13463,13463,0,1,617.355,277.139258768,5326813.5,1,0,0
13475,13475,0,1,208.313,277.143434572,683584.8125,1,0,0
13480,13480,0,1,435.83,277.147397344,520255.15625,1,0,0
13492,13492,0,1,304.981,277.158207027,1053594.5,1,0,0
13504,13504,0,1,427.098,277.158524695,1081880.0,1,0,0
13525,13525,0,1,662.655,277.165591063,547175.75,1,0,0
13534,13534,0,1,753.568,277.165759257,5352950.0,1,0,0
13550,13550,0,1,248.292,277.215998054,608046.6875,1,0,0
13558,13558,0,1,233.801,277.216053827,616067.375,1,0,0
13566,13566,0,1,652.517,278.063463085,1722221.5,1,0,0
13576,13576,0,1,623.56,278.086868025,1360287.25,1,0,0
13618,13618,0,1,543.521,278.123388798,177812096.0,1,0,0
13653,13653,0,1,617.355,278.142598855,644007.875,1,0,0
13675,13675,0,1,791.507,278.169134691,619445.0625,1,0,0
13702,13702,0,1,212.02,279.122707677,838323.9375,1,0,0
13715,13715,0,1,366.931,279.154768887,2203030.75,1,0,0
13721,13721,0,1,379.781,279.154862995,3696185.75,1,0,0
13727,13727,0,1,219.484,279.158959262,3783865.0,1,0,0
13736,13736,0,1,230.954,279.158968133,1807320.5,1,0,0
13754,13754,0,1,478.834,280.069275246,675461.375,1,0,0
13791,13791,0,1,474.881,280.09016197,635427.8125,1,0,0
13849,13849,0,1,490.365,280.09032726,1237644.375,1,0,0
13907,13907,0,1,602.224,280.091695988,59088560.0,1,0,0
13922,13922,0,1,609.647,280.091758711,76230336.0,1,0,0
13937,13937,0,1,505.634,280.104183118,744927.8125,1,0,0
14015,14015,0,1,501.725,280.138936405,78958160.0,1,0,0
14068,14068,0,1,254.871,280.154250973,799032.0625,1,0,0
14074,14074,0,1,411.615,281.05310566,1286331.875,1,0,0
14082,14082,0,1,204.501,281.138215246,4509267.5,1,0,0
14087,14087,0,1,409.09,281.149323735,540884.6875,1,0,0
14108,14108,0,1,237.868,281.210898717,2231212.75,1,0,0
14143,14143,0,1,553.527,282.118143208,15781133.0,1,0,0
14194,14194,0,1,398.577,282.119498475,4937815.5,1,0,0
14210,14210,0,1,655.001,282.119520029,5483988.0,1,0,0
14219,14219,0,1,387.897,282.119534845,4595782.0,1,0,0
14235,14235,0,1,437.165,283.103467045,2807574.25,1,0,0
14245,14245,0,1,612.152,283.13976605,3524495.75,1,0,0
14253,14253,0,1,582.248,284.098808544,4361483.5,1,0,0
14271,14271,0,1,464.583,286.068642001,2212182.5,1,0,0
14273,14273,0,1,638.826,286.091854904,1138707.125,1,0,0
14281,14281,0,1,447.139,286.092047674,668446.0625,1,0,0
14284,14284,0,1,597.228,286.11293615,2424702.25,1,0,0
14297,14297,0,1,549.717,286.149531328,1645754.875,1,0,0
14305,14305,0,1,626.051,286.150745173,2197846.25,1,0,0
14312,14312,0,1,419.279,287.069179187,606505.9375,1,0,0
14334,14334,0,1,406.431,287.069388333,537174.625,1,0,0
14363,14363,0,1,557.253,287.123574212,2223136.75,1,0,0
14377,14377,0,1,543.521,287.123658373,614565.375,1,0,0
14391,14391,0,1,407.855,287.138686552,2666124.75,1,0,0
14420,14420,0,1,228.468,287.221468096,5540757.5,1,0,0
14427,14427,0,1,633.804,288.105216655,1506890.0,1,0,0
14441,14441,0,1,224.622,288.18020522,664651.0,1,0,0
14446,14446,0,1,229.71,288.224774831,912715.9375,1,0,0
14451,14451,0,1,434.59,289.068250356,4959717.5,1,0,0
14453,14453,0,1,663.894,289.091471255,707233.375,1,0,0
14462,14462,0,1,671.332,289.09153032,556900.75,1,0,0
14471,14471,0,1,662.655,289.150243942,564230.6875,1,0,0
14488,14488,0,1,481.308,290.123323059,1685879.25,1,0,0
14499,14499,0,1,628.816,290.134513373,666343.3125,1,0,0
14504,14504,0,1,482.766,291.048832557,3696419.0,1,0,0
14540,14540,0,1,597.228,291.068672509,734095.25,1,0,0
14566,14566,0,1,478.834,291.08388549,8220240.5,1,0,0
14580,14580,0,1,464.583,291.083927303,17869386.0,1,0,0
14594,14594,0,1,563.553,291.086203139,939705.6875,1,0,0
14637,14637,0,1,560.987,291.097301912,570445.125,1,0,0
14668,14668,0,1,549.717,291.104922384,2539239.75,1,0,0
14693,14693,0,1,646.272,291.118441319,1183984.5,1,0,0
14769,14769,0,1,641.31,291.129802721,640726.3125,1,0,0
14816,14816,0,1,640.068,291.163112678,7269804.0,1,0,0
14863,14863,0,1,754.836,291.163146167,7248397.0,1,0,0
14905,14905,0,1,630.064,291.163166623,7319830.5,1,0,0
14966,14966,0,1,236.287,291.268085248,664549.6875,1,0,0
14994,14994,0,1,547.239,291.665037256,1420279.75,1,0,0
15008,15008,0,1,477.597,292.08735485,1114450.25,1,0,0
15018,15018,0,1,463.346,292.087363066,1861964.25,1,0,0
15028,15028,0,1,545.999,292.102320663,749744.5,1,0,0
15052,15052,0,1,220.723,292.190553669,687518.1875,1,0,0
15056,15056,0,1,464.583,293.08183881,1327836.0,1,0,0
15063,15063,0,1,678.977,293.084162046,640809.625,1,0,0
15069,15069,0,1,430.828,293.113117411,651313.125,1,0,0
15075,15075,0,1,465.819,293.134135316,1756359.75,1,0,0
15082,15082,0,1,204.501,293.138225553,3812993.25,1,0,0
15090,15090,0,1,736.431,293.160648746,5270669.0,1,0,0
15106,15106,0,1,748.134,293.160681409,5221894.0,1,0,0
15122,15122,0,1,252.385,293.211021067,751721.5625,1,0,0
15140,15140,0,1,482.766,294.100686375,772145.6875,1,0,0
15166,15166,0,1,472.407,294.154469278,85805904.0,1,0,0
15216,15216,0,1,735.166,294.164149355,771039.0625,1,0,0
15226,15226,0,1,590.942,295.113541228,9056257.0,1,0,0
15276,15276,0,1,493.037,295.128885114,1669144.0,1,0,0
15287,15287,0,1,686.519,295.149815619,1499105.5,1,0,0
15294,15294,0,1,204.501,295.153994031,5027349.0,1,0,0
15305,15305,0,1,245.649,295.226725492,2823443.0,1,0,0
15332,15332,0,1,609.647,296.065788558,2876538.5,1,0,0
15342,15342,0,1,624.805,296.097572859,3598160.75,1,0,0
15358,15358,0,1,568.532,296.098771905,1018814.0,1,0,0
15370,15370,0,1,469.707,296.159488199,1475612.25,1,0,0
15378,15378,0,1,398.577,298.096812539,3102808.0,1,0,0
15385,15385,0,1,386.308,298.096819765,2876561.75,1,0,0
15392,15392,0,1,499.241,298.11460554,2435410.25,1,0,0
15401,15401,0,1,485.24,298.114639659,2886517.75,1,0,0
15419,15419,0,1,850.281,298.187340638,1394459.25,1,0,0
15427,15427,0,1,370.655,300.084392046,1123364.25,1,0,0
15432,15432,0,1,381.023,300.084406926,1712000.25,1,0,0
15437,15437,0,1,387.897,300.084487343,2229831.25,1,0,0
15442,15442,0,1,542.28,300.105497984,3428733.5,1,0,0
15446,15446,0,1,513.556,300.120582211,1136705.125,1,0,0
15456,15456,0,1,553.527,300.128868611,1534300.625,1,0,0
15468,15468,0,1,595.985,300.144131221,2291148.0,1,0,0
15478,15478,0,1,299.618,300.155313796,602183.75,1,0,0
15481,15481,0,1,291.983,300.201646661,663566.125,1,0,0
15483,15483,0,1,397.333,301.118216688,1260573.75,1,0,0
15493,15493,0,1,381.023,301.118268053,2356152.0,1,0,0
15503,15503,0,1,389.139,301.118305246,1597000.0,1,0,0
15513,15513,0,1,236.287,301.21208831,1931922.125,1,0,0
15521,15521,0,1,501.725,302.121094692,3559776.25,1,0,0
15530,15530,0,1,518.503,302.13436473,668782.6875,1,0,0
15539,15539,0,1,612.152,302.144325074,991429.9375,1,0,0
15545,15545,0,1,588.459,303.106110835,4059104.75,1,0,0
15553,15553,0,1,410.326,303.133734911,5433686.5,1,0,0
15565,15565,0,1,909.981,303.155088854,1043088.0625,1,0,0
15569,15569,0,1,554.77,304.100253621,1019068.625,1,0,0
15594,15594,0,1,700.332,304.161432048,568526.875,1,0,0
15598,15598,0,1,402.687,304.248180341,1129520.125,1,0,0
15602,15602,0,1,229.71,304.248196756,11433765.0,1,0,0
15608,15608,0,1,553.527,305.084500745,895475.3125,1,0,0
15615,15615,0,1,540.996,305.134517633,885430.875,1,0,0
15627,15627,0,1,228.468,305.251671289,1861257.75,1,0,0
15643,15643,0,1,294.469,306.133531939,867556.3125,1,0,0
15651,15651,0,1,281.432,306.133555308,3125021.25,1,0,0
15686,15686,0,1,557.253,306.168621958,1600435.0,1,0,0
15696,15696,0,1,613.388,307.099838796,1956959.875,1,0,0
15738,15738,0,1,225.864,307.153742729,535908.4375,1,0,0
15781,15781,0,1,547.239,307.17673984,1265813.875,1,0,0
15809,15809,0,1,244.41,307.190361626,541844.125,1,0,0
15839,15839,0,1,661.235,308.133846776,669146.25,1,0,0
15848,15848,0,1,516.03,308.134011994,958854.4375,1,0,0
15856,15856,0,1,1009.05,308.145152636,762458.5,1,0,0
15866,15866,0,1,289.13,308.170292843,4099551.0,1,0,0
15889,15889,0,1,233.801,308.185593191,3730373.5,1,0,0
15909,15909,0,1,379.781,309.037087576,1270478.5,1,0,0
15913,15913,0,1,356.913,309.037092466,575290.1875,1,0,0
15917,15917,0,1,297.137,309.086884509,690799.125,1,0,0
15953,15953,0,1,787.669,309.165406212,15653369.0,1,0,0
15994,15994,0,1,798.2,309.165452903,21054264.0,1,0,0
16035,16035,0,1,710.435,309.165540232,6990894.5,1,0,0
16045,16045,0,1,289.13,309.173653188,614541.4375,1,0,0
16071,16071,0,1,252.385,309.227071968,538652.8125,1,0,0
16093,16093,0,1,598.469,310.113261873,686579.25,1,0,0
16100,16100,0,1,375.698,310.128406179,568558.0625,1,0,0
16112,16112,0,1,444.648,310.128436434,3379372.5,1,0,0
16139,16139,0,1,240.354,310.21252381,1472855.375,1,0,0
16163,16163,0,1,254.871,311.13678015,546060.75,1,0,0
16172,16172,0,1,244.41,311.222447626,585155.875,1,0,0
16183,16183,0,1,484.002,312.111149475,9103728.0,1,0,0
16235,16235,0,1,453.384,312.130213432,3642545.5,1,0,0
16256,16256,0,1,455.865,312.165178767,1036039.1875,1,0,0
16277,16277,0,1,207.077,313.179828593,951153.5,1,0,0
16284,16284,0,1,230.954,313.2372611,1170110.875,1,0,0
16291,16291,0,1,249.534,313.237263434,883607.25,1,0,0
16303,16303,0,1,520.976,314.084495619,2406005.5,1,0,0
16310,16310,0,1,474.881,314.092107817,569279.6875,1,0,0
16325,16325,0,1,269.685,314.138614011,880273.125,1,0,0
16340,16340,0,1,851.554,314.158936071,648394.75,1,0,0
16346,16346,0,1,409.09,314.159563534,8172781.5,1,0,0
16369,16369,0,1,505.634,315.129838587,1071500.375,1,0,0
16378,16378,0,1,635.046,315.502230569,563129.875,1,0,0
16383,16383,0,1,469.707,316.136695068,3205081.75,1,0,0
16391,16391,0,1,513.556,316.161560699,1381744.25,1,0,0
16401,16401,0,1,213.256,317.174843976,663015.0,1,0,0
16409,16409,0,1,500.483,318.095074032,764841.75,1,0,0
16414,16414,0,1,568.532,318.129522735,5214143.5,1,0,0
16447,16447,0,1,432.107,318.154787491,968660.8125,1,0,0
16465,16465,0,1,937.244,319.150048987,575755.0625,1,0,0
16473,16473,0,1,232.558,319.154052309,711243.375,1,0,0
16478,16478,0,1,895.661,319.161149274,7540037.0,1,0,0
16501,16501,0,1,678.977,319.161243639,4826100.5,1,0,0
16511,16511,0,1,207.077,319.190533568,9439155.0,1,0,0
16528,16528,0,1,432.107,320.133955558,1093785.375,1,0,0
16536,16536,0,1,437.165,321.059557912,1232835.125,1,0,0
16541,16541,0,1,287.883,321.147830783,2063632.75,1,0,0
16571,16571,0,1,704.128,324.12889222,827401.125,1,0,0
16575,16575,0,1,474.881,324.128928246,940555.625,1,0,0
16585,16585,0,1,411.615,324.144327698,895045.125,1,0,0
16591,16591,0,1,410.326,324.155173905,1681931.0,1,0,0
16597,16597,0,1,419.279,324.155310618,1497865.625,1,0,0
16603,16603,0,1,346.869,324.155343202,928649.9375,1,0,0
16608,16608,0,1,354.424,324.155377898,939479.4375,1,0,0
16613,16613,0,1,332.938,324.155450263,581687.75,1,0,0
16618,16618,0,1,429.584,324.155465022,1422592.375,1,0,0
16626,16626,0,1,607.175,325.043125273,651292.3125,1,0,0
16630,16630,0,1,588.459,325.088106063,3422620.25,1,0,0
16632,16632,0,1,460.835,325.089454218,1173501.375,1,0,0
16636,16636,0,1,659.996,325.112789125,13895505.0,1,0,0
16660,16660,0,1,671.332,325.112877127,13108415.0,1,0,0
16684,16684,0,1,514.793,325.112937713,4332192.0,1,0,0
16696,16696,0,1,248.292,325.200927503,585434.875,1,0,0
16734,16734,0,1,593.501,326.144565316,2051125.75,1,0,0
16748,16748,0,1,302.479,326.170991456,1391829.625,1,0,0
16758,16758,0,1,205.736,327.195470532,1108287.875,1,0,0
16768,16768,0,1,445.89,328.138987391,29501134.0,1,0,0
16827,16827,0,1,382.583,328.13909243,4156313.25,1,0,0
16868,16868,0,1,428.341,328.139109762,12430981.0,1,0,0
16927,16927,0,1,371.973,328.139116964,3606176.5,1,0,0
16968,16968,0,1,652.517,328.175531062,1747437.25,1,0,0
16973,16973,0,1,641.31,330.13925691,1141989.25,1,0,0
16980,16980,0,1,648.791,330.139404989,991097.8125,1,0,0
16996,16996,0,1,568.532,330.154671296,756840.75,1,0,0
17005,17005,0,1,727.567,331.18861442,632205.5,1,0,0
17009,17009,0,1,210.784,331.190422094,8431727.0,1,0,0
17044,17044,0,1,253.628,331.248036035,1282687.0,1,0,0
17061,17061,0,1,462.109,332.110599188,1729951.0,1,0,0
17064,17064,0,1,448.381,332.110601941,1373344.5,1,0,0
17072,17072,0,1,209.548,332.193811003,1935807.75,1,0,0
17079,17079,0,1,205.736,333.205989727,7168866.0,1,0,0
17098,17098,0,1,247.052,333.263382842,902425.625,1,0,0
17107,17107,0,1,540.996,334.139777112,1385774.875,1,0,0
17118,17118,0,1,640.068,335.073640093,1912592.75,1,0,0
17126,17126,0,1,614.625,335.094656592,618466.3125,1,0,0
17129,17129,0,1,627.569,335.094730414,788064.3125,1,0,0
17132,17132,0,1,220.723,335.185321659,924457.125,1,0,0
17139,17139,0,1,212.02,335.18539644,1759003.5,1,0,0
17153,17153,0,1,602.224,336.087458461,886469.8125,1,0,0
17163,17163,0,1,298.379,336.165148659,2303781.25,1,0,0
17194,17194,0,1,207.077,336.216936509,1221815.75,1,0,0
17210,17210,0,1,709.177,337.171570483,13096386.0,1,0,0
17255,17255,0,1,240.354,337.200856041,641130.8125,1,0,0
17266,17266,0,1,468.47,338.144391986,1363242.125,1,0,0
17283,17283,0,1,229.71,338.341642285,3398195.5,1,0,0
17302,17302,0,1,241.751,339.216446846,747494.625,1,0,0
17312,17312,0,1,217.007,339.253004795,2090312.5,1,0,0
17323,17323,0,1,230.954,339.345129569,843403.4375,1,0,0
17333,17333,0,1,254.871,340.175492042,888074.625,1,0,0
17340,17340,0,1,295.711,340.186667401,4736638.5,1,0,0
17345,17345,0,1,670.092,342.139441589,3868974.5,1,0,0
17356,17356,0,1,553.527,342.139514189,1083531.75,1,0,0
17366,17366,0,1,542.28,342.13952969,1362104.75,1,0,0
17376,17376,0,1,407.855,342.154587891,2744503.75,1,0,0
17407,17407,0,1,421.989,342.15464215,941677.6875,1,0,0
17452,17452,0,1,210.784,343.190607236,698626.375,1,0,0
17455,17455,0,1,493.037,344.09768452,1150971.375,1,0,0
17463,17463,0,1,531.059,344.134057424,3405558.75,1,0,0
17490,17490,0,1,538.516,344.134122094,3377148.5,1,0,0
17517,17517,0,1,286.412,344.227872962,536570.0,1,0,0
17522,17522,0,1,245.649,344.254298857,547440.5625,1,0,0
17526,17526,0,1,207.077,345.206103991,11208909.0,1,0,0
17538,17538,0,1,299.618,345.213294346,752644.25,1,0,0
17548,17548,0,1,253.628,346.258848758,2294105.0,1,0,0
17557,17557,0,1,568.532,347.094725181,2188567.25,1,0,0
17565,17565,0,1,553.527,347.094976675,680286.1875,1,0,0
17573,17573,0,1,212.02,347.185427985,6805698.0,1,0,0
17683,17683,0,1,205.736,347.221906555,1171526.875,1,0,0
17738,17738,0,1,213.256,348.18875726,1329461.875,1,0,0
17756,17756,0,1,248.292,348.274424847,12873064.0,1,0,0
17785,17785,0,1,228.468,349.200918661,4101595.5,1,0,0
17848,17848,0,1,208.313,349.20092723,60982396.0,1,0,0
17911,17911,0,1,248.292,349.277852139,2487232.25,1,0,0
17952,17952,0,1,445.89,350.121027677,855987.6875,1,0,0
17956,17956,0,1,209.548,350.20440234,13537117.0,1,0,0
18032,18032,0,1,205.736,350.232362815,824230.9375,1,0,0
18108,18108,0,1,647.55,351.122005202,590775.375,1,0,0
18117,18117,0,1,655.001,351.212661632,889003.0625,1,0,0
18131,18131,0,1,531.059,352.244257426,5737044.0,1,0,0
18150,18150,0,1,248.292,353.229877631,1189699.5,1,0,0
18153,18153,0,1,237.868,353.231459082,643934.75,1,0,0
18156,18156,0,1,241.751,354.190945411,1160249.375,1,0,0
18167,18167,0,1,476.118,355.102356781,6139093.0,1,0,0
18194,18194,0,1,249.534,355.153899166,10513882.0,1,0,0
18218,18218,0,1,472.407,355.161165098,8273926.5,1,0,0
18259,18259,0,1,593.501,355.197524996,1106445.875,1,0,0
18281,18281,0,1,476.118,356.105757481,1183665.625,1,0,0
18298,18298,0,1,476.118,356.145984978,592310.125,1,0,0
18315,18315,0,1,474.881,356.164689344,1268942.875,1,0,0
18332,18332,0,1,235.044,357.169584917,631197.3125,1,0,0
18337,18337,0,1,970.003,357.184370732,1104411.625,1,0,0
18341,18341,0,1,837.513,357.249504726,4582468.5,1,0,0
18365,18365,0,1,838.778,358.25320604,796115.25,1,0,0
18369,18369,0,1,287.883,359.103538712,668161.625,1,0,0
18375,18375,0,1,406.431,359.22875128,664021.5625,1,0,0
18383,18383,0,1,295.711,359.228771037,963327.375,1,0,0
18389,18389,0,1,655.001,360.149872173,21807478.0,1,0,0
18415,18415,0,1,491.622,361.124275546,1668906.375,1,0,0
18422,18422,0,1,212.02,361.200958338,7439680.5,1,0,0
18439,18439,0,1,212.02,362.20439183,1844715.875,1,0,0
18445,18445,0,1,503.147,362.21658754,643910.0,1,0,0
18493,18493,0,1,217.007,363.180196196,613715.8125,1,0,0
18536,18536,0,1,799.464,363.184317608,1292590.375,1,0,0
18548,18548,0,1,207.077,363.216423548,91229792.0,1,0,0
18591,18591,0,1,228.468,363.216466747,3790561.75,1,0,0
18634,18634,0,1,428.341,364.161295024,1018396.1875,1,0,0
18641,18641,0,1,465.819,364.161445977,1585506.25,1,0,0
18649,18649,0,1,214.493,364.211524919,1170341.125,1,0,0
18691,18691,0,1,207.077,364.219927748,21441922.0,1,0,0
18733,18733,0,1,635.046,364.794770477,6907533.0,1,0,0
18786,18786,0,1,640.068,365.105353934,8324832.0,1,0,0
18839,18839,0,1,651.276,365.105483573,3250183.75,1,0,0
18892,18892,0,1,635.046,365.129088966,3537895.5,1,0,0
18955,18955,0,1,225.864,365.195963085,4398970.0,1,0,0
18995,18995,0,1,630.064,365.203025225,1058804.375,1,0,0
19024,19024,0,1,207.077,365.222839806,2662121.0,1,0,0
19064,19064,0,1,636.289,365.463381807,1274517.75,1,0,0
19099,19099,0,1,494.275,366.079682626,652642.5,1,0,0
19102,19102,0,1,444.648,366.095020177,1192430.625,1,0,0
19104,19104,0,1,640.068,366.108688848,1258147.75,1,0,0
19108,19108,0,1,212.02,366.199536221,922084.9375,1,0,0
19144,19144,0,1,208.313,366.227473048,4267041.0,1,0,0
19180,19180,0,1,640.068,367.120899378,2013713.5,1,0,0
19183,19183,0,1,631.311,367.120973198,1114771.125,1,0,0
19186,19186,0,1,504.39,367.149986965,8949288.0,1,0,0
19202,19202,0,1,254.871,367.188121223,1428223.625,1,0,0
19205,19205,0,1,244.41,367.21158943,574655.8125,1,0,0
19211,19211,0,1,209.548,367.230489843,958287.4375,1,0,0
19216,19216,0,1,578.503,368.166789301,962731.4375,1,0,0
19224,19224,0,1,295.711,369.118176228,577575.9375,1,0,0
19236,19236,0,1,491.622,370.161085488,1423282.0,1,0,0
19246,19246,0,1,790.198,370.170721077,893776.8125,1,0,0
19252,19252,0,1,299.618,370.170766139,653802.6875,1,0,0
19259,19259,0,1,317.165,370.170784237,727435.625,1,0,0
19266,19266,0,1,258.974,371.148931567,1775849.75,1,0,0
19276,19276,0,1,514.793,371.154901138,1961539.125,1,0,0
19287,19287,0,1,207.077,371.162224535,573907.0625,1,0,0
19289,19289,0,1,204.501,371.182796261,1345282.625,1,0,0
19291,19291,0,1,212.02,371.182913031,840655.9375,1,0,0
19313,19313,0,1,224.622,371.315473634,685421.0,1,0,0
19333,19333,0,1,540.996,372.188769406,1718527.125,1,0,0
19347,19347,0,1,641.31,372.189553551,3248575.0,1,0,0
19376,19376,0,1,454.625,374.108259101,691254.8125,1,0,0
19386,19386,0,1,295.711,374.170943263,8362599.0,1,0,0
19394,19394,0,1,405.183,374.170951049,887665.125,1,0,0
19403,19403,0,1,621.074,374.798272356,4514460.5,1,0,0
19426,19426,0,1,621.074,375.132581828,2537424.5,1,0,0
19436,19436,0,1,295.711,375.1745796,1681048.75,1,0,0
19452,19452,0,1,299.618,375.223695795,863940.8125,1,0,0
19478,19478,0,1,460.835,377.143582769,667915.25,1,0,0
19487,19487,0,1,452.144,377.145152116,1369326.125,1,0,0
19496,19496,0,1,213.256,377.195932661,903726.375,1,0,0
19502,19502,0,1,205.736,377.232202779,861911.0625,1,0,0
19509,19509,0,1,590.942,378.115929564,1036358.3125,1,0,0
19515,19515,0,1,210.784,378.227449186,1660855.25,1,0,0
19531,19531,0,1,314.478,379.159850759,893831.75,1,0,0
19536,19536,0,1,224.622,379.211446694,5535573.5,1,0,0
19579,19579,0,1,210.784,379.211634037,6467275.0,1,0,0
19640,19640,0,1,641.31,380.202375823,808652.375,1,0,0
19649,19649,0,1,209.548,380.215670722,1371018.875,1,0,0
19707,19707,0,1,207.077,380.243131742,5215001.0,1,0,0
19772,19772,0,1,640.068,381.079260445,680003.875,1,0,0
19779,19779,0,1,229.71,382.222238163,1280604.375,1,0,0
19807,19807,0,1,592.258,383.203680227,2745921.25,1,0,0
19815,19815,0,1,285.165,383.206206722,1112449.625,1,0,0
19833,19833,0,1,609.647,383.326818117,698043.625,1,0,0
19838,19838,0,1,578.503,384.144033343,1017754.8125,1,0,0
19846,19846,0,1,212.02,385.14128829,1130505.375,1,0,0
19849,19849,0,1,205.736,385.198353416,2525852.25,1,0,0
19852,19852,0,1,640.068,386.165452439,1452474.5,1,0,0
19869,19869,0,1,655.001,386.165713836,1802204.375,1,0,0
19886,19886,0,1,514.793,386.166936015,1895071.375,1,0,0
19895,19895,0,1,240.354,387.18003769,12622975.0,1,0,0
19917,19917,0,1,489.128,388.147588258,773630.375,1,0,0
19928,19928,0,1,514.793,388.181188551,29452342.0,1,0,0
19966,19966,0,1,469.707,390.211830077,619740.6875,1,0,0
19975,19975,0,1,224.622,390.284827985,1218100.625,1,0,0
19997,19997,0,1,299.618,391.207755687,853017.5625,1,0,0
20015,20015,0,1,514.793,393.136568988,6028354.0,1,0,0
20032,20032,0,1,494.275,393.16280447,3299176.5,1,0,0
20038,20038,0,1,295.711,393.223254938,1293338.125,1,0,0
20055,20055,0,1,208.313,394.258814469,664978.625,1,0,0
20057,20057,0,1,236.287,395.125500334,649277.5,1,0,0
20060,20060,0,1,212.02,395.206539482,557521.375,1,0,0
20063,20063,0,1,225.864,395.20654436,660365.5,1,0,0
20066,20066,0,1,215.733,395.219569838,957920.125,1,0,0
20069,20069,0,1,212.02,397.168005752,730083.0625,1,0,0
20080,20080,0,1,314.478,397.17057613,802466.1875,1,0,0
20106,20106,0,1,230.954,398.21727277,726484.875,1,0,0
20108,20108,0,1,659.996,399.144265057,3810192.5,1,0,0
20118,20118,0,1,210.784,399.156894401,1271133.625,1,0,0
20121,20121,0,1,632.557,399.321704779,1214180.125,1,0,0
20142,20142,0,1,562.308,402.150570553,1291489.25,1,0,0
20155,20155,0,1,522.391,402.16060647,636921.5,1,0,0
20163,20163,0,1,536.041,402.160993713,663399.75,1,0,0
20171,20171,0,1,281.432,403.255120575,566541.75,1,0,0
20178,20178,0,1,299.618,404.155106502,1401639.75,1,0,0
20189,20189,0,1,240.354,404.206625841,18565472.0,1,0,0
20210,20210,0,1,539.755,406.181986222,565183.125,1,0,0
20218,20218,0,1,281.432,407.239025057,551886.9375,1,0,0
20225,20225,0,1,243.171,407.279069588,552794.25,1,0,0
20236,20236,0,1,513.556,409.11053849,978007.9375,1,0,0
20238,20238,0,1,617.355,414.160442718,2386071.5,1,0,0
20250,20250,0,1,411.615,414.196617096,1562132.0,1,0,0
20264,20264,0,1,313.227,414.196970025,1531270.0,1,0,0
20304,20304,0,1,554.77,416.261529291,720453.75,1,0,0
20316,20316,0,1,210.784,417.167448653,1963761.625,1,0,0
20331,20331,0,1,203.264,417.263413476,2814379.75,1,0,0
20346,20346,0,1,314.478,419.152327489,725783.4375,1,0,0
20350,20350,0,1,212.02,419.18324039,601896.25,1,0,0
20352,20352,0,1,463.346,420.150113585,660155.9375,1,0,0
20359,20359,0,1,635.046,420.162698192,9599032.0,1,0,0
20370,20370,0,1,448.381,420.186390864,787943.75,1,0,0
20377,20377,0,1,209.548,425.11280667,676220.5625,1,0,0
20379,20379,0,1,239.111,425.135867404,3658699.0,1,0,0
20381,20381,0,1,299.618,425.191611891,1165968.5,1,0,0
20402,20402,0,1,249.534,427.29162417,796918.6875,1,0,0
20409,20409,0,1,589.7,428.138977923,1036117.625,1,0,0
20415,20415,0,1,650.033,428.176312522,28206894.0,1,0,0
20442,20442,0,1,843.846,428.212691635,896280.5,1,0,0
20447,20447,0,1,619.834,430.155495318,1007433.6875,1,0,0
20462,20462,0,1,202.025,431.279225839,1073411.125,1,0,0
20469,20469,0,1,514.793,432.207612339,1289035.75,1,0,0
20478,20478,0,1,239.111,432.237746602,621598.9375,1,0,0
20499,20499,0,1,237.868,433.258362914,1118144.125,1,0,0
20506,20506,0,1,648.791,434.186993595,1732606.5,1,0,0
20512,20512,0,1,314.478,435.126373988,1689264.125,1,0,0
20516,20516,0,1,564.798,436.145031241,4664238.0,1,0,0
20543,20543,0,1,563.553,437.148559538,884823.1875,1,0,0
20561,20561,0,1,562.308,437.188012046,3013830.5,1,0,0
20591,20591,0,1,653.758,438.210682643,739892.8125,1,0,0
20606,20606,0,1,205.736,439.128370194,1498160.75,1,0,0
20610,20610,0,1,648.791,439.142233339,1162249.0,1,0,0
20614,20614,0,1,513.556,439.196772763,710270.1875,1,0,0
20621,20621,0,1,960.666,439.218775003,898072.8125,1,0,0
20630,20630,0,1,568.532,440.17614596,1061254.375,1,0,0
20641,20641,0,1,577.268,440.176183718,1602831.0,1,0,0
20652,20652,0,1,633.804,442.144835577,778699.6875,1,0,0
20657,20657,0,1,539.755,442.192132946,4516781.0,1,0,0
20677,20677,0,1,584.728,444.171616561,817559.375,1,0,0
20688,20688,0,1,675.233,446.151715063,836905.25,1,0,0
20694,20694,0,1,646.272,446.186687478,3222710.75,1,0,0
20701,20701,0,1,295.711,447.24484832,1073121.75,1,0,0
20717,20717,0,1,236.287,447.274029734,920048.625,1,0,0
20724,20724,0,1,539.755,448.194121652,961082.125,1,0,0
20738,20738,0,1,439.647,449.107779552,1636686.25,1,0,0
20748,20748,0,1,204.501,449.235741755,725363.0625,1,0,0
20761,20761,0,1,416.798,452.213445533,1070290.5,1,0,0
20768,20768,0,1,428.341,453.198012363,1257744.25,1,0,0
20783,20783,0,1,956.847,455.213539206,545711.375,1,0,0
20789,20789,0,1,509.663,456.207471807,6633608.0,1,0,0
20807,20807,0,1,489.128,456.207899047,1643487.5,1,0,0
20825,20825,0,1,613.388,457.166364481,956550.875,1,0,0
20841,20841,0,1,208.313,457.222171557,885203.1875,1,0,0
20843,20843,0,1,512.32,465.102847841,1021833.625,1,0,0
20856,20856,0,1,494.275,469.208264015,1224935.125,1,0,0
20876,20876,0,1,778.74,471.218552677,1715436.0,1,0,0
20891,20891,0,1,712.999,471.218580489,1796000.375,1,0,0
20912,20912,0,1,295.711,471.223817987,579686.9375,1,0,0
20922,20922,0,1,207.077,471.237910125,991053.8125,1,0,0
20927,20927,0,1,209.548,475.232913963,632575.25,1,0,0
20929,20929,0,1,564.798,476.137612218,1243601.75,1,0,0
20941,20941,0,1,420.52,479.118367074,938849.6875,1,0,0
20955,20955,0,1,599.71,480.182172103,2366169.0,1,0,0
20971,20971,0,1,478.834,483.219946169,1152641.75,1,0,0
20980,20980,0,1,520.976,486.181866838,1097062.125,1,0,0
20989,20989,0,1,661.235,487.165650043,6549144.0,1,0,0
21005,21005,0,1,559.742,487.178733419,1314945.125,1,0,0
21019,21019,0,1,209.548,489.248637597,646881.625,1,0,0
21021,21021,0,1,491.622,490.192183848,3249550.25,1,0,0
21044,21044,0,1,652.517,492.1924716,1102295.25,1,0,0
21055,21055,0,1,635.046,492.192575799,641764.375,1,0,0
21066,21066,0,1,615.862,498.259935639,2480739.0,1,0,0
21082,21082,0,1,710.435,499.224774815,2970960.25,1,0,0
21093,21093,0,1,517.266,502.249891032,1322565.5,1,0,0
21097,21097,0,1,661.235,505.176401785,4808667.0,1,0,0
21127,21127,0,1,568.532,506.186982734,1200896.375,1,0,0
21139,21139,0,1,225.864,506.254243129,630556.1875,1,0,0
21145,21145,0,1,517.266,510.216409791,757470.0,1,0,0
21149,21149,0,1,208.313,513.189214878,721612.125,1,0,0
21158,21158,0,1,605.939,515.213280958,10979118.0,1,0,0
21168,21168,0,1,222.14,515.413008058,15260396.0,1,0,0
21182,21182,0,1,659.996,522.202675766,74982168.0,1,0,0
21213,21213,0,1,670.092,522.202798578,65583672.0,1,0,0
21244,21244,0,1,463.346,522.216101767,583705.375,1,0,0
21247,21247,0,1,469.707,522.216225135,695855.625,1,0,0
21250,21250,0,1,666.373,525.211156973,567810.375,1,0,0
21259,21259,0,1,661.235,527.158390324,9864012.0,1,0,0
21268,21268,0,1,671.332,527.1586605,8976546.0,1,0,0
21277,21277,0,1,482.766,527.161829172,749531.0,1,0,0
21282,21282,0,1,480.07,527.196583801,1225963.375,1,0,0
21287,21287,0,1,478.834,527.231027857,843059.125,1,0,0
21289,21289,0,1,467.234,527.231272182,1225017.25,1,0,0
21291,21291,0,1,513.556,529.175726085,1454816.0,1,0,0
21293,21293,0,1,223.381,531.407908961,562032.25,1,0,0
21300,21300,0,1,222.14,532.439279211,85848112.0,1,0,0
21323,21323,0,1,223.381,535.439644712,959631.6875,1,0,0
21335,21335,0,1,605.939,537.195202149,12640273.0,1,0,0
21342,21342,0,1,240.354,538.280207591,1383142.375,1,0,0
21358,21358,0,1,263.085,540.270748455,7450965.5,1,0,0
21378,21378,0,1,276.096,540.330637394,604547.4375,1,0,0
21400,21400,0,1,668.853,543.132717323,527494.5625,1,0,0
21406,21406,0,1,635.046,546.688858674,1340515.375,1,0,0
21426,21426,0,1,304.981,553.309721474,624766.8125,1,0,0
21440,21440,0,1,223.381,553.368955839,12241528.0,1,0,0
21442,21442,0,1,218.245,553.369017867,13243283.0,1,0,0
21448,21448,0,1,222.14,560.470802202,987080.625,1,0,0
21452,21452,0,1,594.743,561.694164555,836040.0,1,0,0
21489,21489,0,1,274.851,562.343863267,695787.4375,1,0,0
21495,21495,0,1,264.331,578.226686129,1222100.625,1,0,0
21497,21497,0,1,656.24,580.208708073,1636948.25,1,0,0
21512,21512,0,1,647.55,582.216100958,1082077.875,1,0,0
21521,21521,0,1,272.36,584.356759899,750901.9375,1,0,0
21529,21529,0,1,659.996,590.22916006,2226019.75,1,0,0
21552,21552,0,1,657.516,603.153481524,1113125.875,1,0,0
21564,21564,0,1,272.36,606.369909404,744422.8125,1,0,0
21580,21580,0,1,647.55,608.240082836,675486.625,1,0,0
21584,21584,0,1,532.329,611.161325394,1470114.375,1,0,0
21595,21595,0,1,588.459,627.187045905,1522194.5,1,0,0
21598,21598,0,1,270.932,628.38278007,780065.375,1,0,0
21609,21609,0,1,690.253,633.271324667,587176.0,1,0,0
21617,21617,0,1,217.007,647.458532567,1605510.25,1,0,0
21623,21623,0,1,677.736,649.218679088,1740094.125,1,0,0
21634,21634,0,1,270.932,650.396089064,699251.75,1,0,0
21642,21642,0,1,223.381,654.332120523,1803081.5,1,0,0
21656,21656,0,1,273.606,660.523314701,538620.625,1,0,0
21661,21661,0,1,218.245,663.453626508,3320170.0,1,0,0
21676,21676,0,1,218.245,666.512338214,745498.8125,1,0,0
21683,21683,0,1,225.864,666.512400464,731283.625,1,0,0
21690,21690,0,1,666.373,667.2285005,2478907.0,1,0,0
21709,21709,0,1,676.494,667.228942796,4032921.75,1,0,0
21728,21728,0,1,661.235,668.260475344,804232.25,1,0,0
21740,21740,0,1,269.685,672.409058191,618715.625,1,0,0
21747,21747,0,1,219.484,680.480234456,2931464.5,1,0,0
21758,21758,0,1,677.736,684.25548091,21881570.0,1,0,0
21787,21787,0,1,677.736,689.211028981,5848416.0,1,0,0
21793,21793,0,1,514.793,763.284320193,1701424.875,1,0,0
21797,21797,0,1,605.939,794.297548169,972980.6875,1,0,0
21808,21808,0,1,685.234,829.280912675,1226801.375,1,0,0
21818,21818,0,1,676.494,829.281205647,815349.0,1,0,0
21828,21828,0,1,686.519,846.307934339,4944562.5,1,0,0
21846,21846,0,1,686.519,851.263349494,1416975.125,1,0,0
21848,21848,0,1,689.007,991.333787137,950191.9375,1,0,0
21858,21858,0,1,689.007,1008.36099911,2832173.25,1,0,0
21873,21873,0,1,661.235,1009.34458171,941096.8125,1,0,0
21884,21884,0,1,663.894,1026.37149511,1586896.0,1,0,0
21896,21896,0,1,670.092,1031.32647435,642023.0,1,0,0
21900,21900,0,1,661.235,1031.32661067,862887.0,1,0,0
21904,21904,0,1,222.14,1046.84495147,1334056.75,1,0,0
